"interaction","cell1","cell2","p-value"
"TGFB3_TGFBR1_TGFBR2","Spleen","Peritoneal Cavity","0"
"TGFB3_TGFBR1_TGFBR2","Spleen","Spleen","0"
"TGFB3_ACVR1B_TGFBR2","Spleen","Spleen","0"
"TGFB3_ACVR1C_TGFBR2","Spleen","Spleen","0"
"TGFB3_ACVR1_TGFBR1","Spleen","Peritoneal Cavity","0"
"TGFB3_ACVR1_TGFBR1","Spleen","Spleen","0"
"BMP2_BMPR1A_ACVR2A","Peritoneal Cavity","Peritoneal Cavity","0"
"BMP2_BMPR1A_ACVR2A","Peritoneal Cavity","Spleen","0"
"BMP2_BMPR1A_ACVR2B","Peritoneal Cavity","Peritoneal Cavity","0"
"BMP2_BMPR1A_ACVR2B","Peritoneal Cavity","Spleen","0"
"BMP2_BMPR1A_BMPR2","Peritoneal Cavity","Peritoneal Cavity","0"
"BMP2_BMPR1A_BMPR2","Peritoneal Cavity","Spleen","0"
"BMP2_BMPR1B_ACVR2B","Peritoneal Cavity","Peritoneal Cavity","0"
"BMP2_BMPR1B_ACVR2B","Peritoneal Cavity","Spleen","0"
"BMP2_BMPR1B_BMPR2","Peritoneal Cavity","Peritoneal Cavity","0"
"BMP2_BMPR1B_BMPR2","Peritoneal Cavity","Spleen","0"
"BMP6_ACVR1_ACVR2A","Peritoneal Cavity","Peritoneal Cavity","0"
"BMP6_ACVR1_ACVR2A","Spleen","Peritoneal Cavity","0"
"BMP6_ACVR1_ACVR2B","Peritoneal Cavity","Peritoneal Cavity","0"
"BMP6_ACVR1_ACVR2B","Spleen","Peritoneal Cavity","0"
"BMP6_ACVR1_BMPR2","Peritoneal Cavity","Peritoneal Cavity","0"
"BMP6_ACVR1_BMPR2","Spleen","Peritoneal Cavity","0"
"BMP6_BMPR1A_ACVR2A","Peritoneal Cavity","Peritoneal Cavity","0"
"BMP6_BMPR1A_ACVR2A","Spleen","Peritoneal Cavity","0"
"BMP6_BMPR1A_ACVR2B","Peritoneal Cavity","Peritoneal Cavity","0"
"BMP6_BMPR1A_ACVR2B","Spleen","Peritoneal Cavity","0"
"BMP6_BMPR1A_BMPR2","Peritoneal Cavity","Peritoneal Cavity","0"
"BMP6_BMPR1A_BMPR2","Spleen","Peritoneal Cavity","0"
"BMP6_BMPR1B_ACVR2B","Peritoneal Cavity","Peritoneal Cavity","0"
"BMP6_BMPR1B_ACVR2B","Spleen","Peritoneal Cavity","0"
"BMP6_BMPR1B_BMPR2","Peritoneal Cavity","Peritoneal Cavity","0"
"BMP6_BMPR1B_BMPR2","Spleen","Peritoneal Cavity","0"
"BMP7_ACVR1_ACVR2A","Spleen","Peritoneal Cavity","0"
"BMP7_ACVR1_ACVR2B","Spleen","Peritoneal Cavity","0"
"BMP7_ACVR1_BMPR2","Spleen","Peritoneal Cavity","0"
"BMP7_BMPR1A_ACVR2A","Spleen","Peritoneal Cavity","0"
"BMP7_BMPR1A_ACVR2B","Spleen","Peritoneal Cavity","0"
"BMP7_BMPR1A_BMPR2","Spleen","Peritoneal Cavity","0"
"BMP7_BMPR1B_ACVR2B","Spleen","Peritoneal Cavity","0"
"BMP7_BMPR1B_BMPR2","Spleen","Peritoneal Cavity","0"
"BMP8B_ACVR1_ACVR2A","Spleen","Peritoneal Cavity","0"
"BMP8B_ACVR1_ACVR2B","Peritoneal Cavity","Peritoneal Cavity","0"
"BMP8B_ACVR1_ACVR2B","Spleen","Peritoneal Cavity","0"
"BMP8B_ACVR1_BMPR2","Peritoneal Cavity","Peritoneal Cavity","0"
"BMP8B_ACVR1_BMPR2","Spleen","Peritoneal Cavity","0"
"BMP8B_BMPR1A_ACVR2A","Peritoneal Cavity","Peritoneal Cavity","0.02"
"BMP8B_BMPR1A_ACVR2A","Spleen","Peritoneal Cavity","0"
"BMP8B_BMPR1A_ACVR2B","Peritoneal Cavity","Peritoneal Cavity","0"
"BMP8B_BMPR1A_ACVR2B","Spleen","Peritoneal Cavity","0"
"BMP8B_BMPR1A_BMPR2","Peritoneal Cavity","Peritoneal Cavity","0"
"BMP8B_BMPR1A_BMPR2","Spleen","Peritoneal Cavity","0"
"BMP8B_BMPR1B_ACVR2B","Spleen","Peritoneal Cavity","0"
"BMP8B_BMPR1B_BMPR2","Spleen","Peritoneal Cavity","0"
"GDF9_ACVR1B_BMPR2","Peritoneal Cavity","Peritoneal Cavity","0"
"GDF9_ACVR1B_BMPR2","Peritoneal Cavity","Spleen","0"
"GDF11_TGFBR1_ACVR2A","Spleen","Peritoneal Cavity","0"
"GDF11_TGFBR1_ACVR2A","Spleen","Spleen","0"
"GDF11_TGFBR1_ACVR2B","Spleen","Peritoneal Cavity","0"
"GDF11_ACVR1B_ACVR2B","Spleen","Peritoneal Cavity","0"
"PSPN_GFRA4","Spleen","Spleen","0"
"NODAL_ACVR1B_ACVR2A","Spleen","Spleen","0"
"NODAL_ACVR1C_ACVR2A","Spleen","Spleen","0"
"NODAL_ACVR1B_ACVR2B","Peritoneal Cavity","Peritoneal Cavity","0.01"
"NODAL_ACVR1B_ACVR2B","Spleen","Peritoneal Cavity","0"
"NODAL_ACVR1C_ACVR2B","Peritoneal Cavity","Peritoneal Cavity","0.02"
"NODAL_ACVR1C_ACVR2B","Spleen","Peritoneal Cavity","0"
"GDF3_ACVR1B_ACVR2A","Peritoneal Cavity","Peritoneal Cavity","0"
"GDF3_ACVR1B_ACVR2A","Peritoneal Cavity","Spleen","0"
"GDF3_ACVR1B_ACVR2A","Spleen","Spleen","0.01"
"GDF3_ACVR1B_ACVR2B","Peritoneal Cavity","Peritoneal Cavity","0"
"GDF3_ACVR1B_ACVR2B","Spleen","Peritoneal Cavity","0"
"GDF3_ACVR1B_ACVR2B","Peritoneal Cavity","Spleen","0.02"
"GDF3_ACVR1C_ACVR2A","Peritoneal Cavity","Peritoneal Cavity","0"
"GDF3_ACVR1C_ACVR2A","Peritoneal Cavity","Spleen","0"
"GDF3_ACVR1C_ACVR2A","Spleen","Spleen","0.01"
"GDF3_ACVR1C_ACVR2B","Peritoneal Cavity","Peritoneal Cavity","0"
"GDF3_ACVR1C_ACVR2B","Spleen","Peritoneal Cavity","0"
"GDF3_ACVR1C_ACVR2B","Peritoneal Cavity","Spleen","0.02"
"INHBA_ACVR1B_ACVR2A","Peritoneal Cavity","Peritoneal Cavity","0"
"INHBA_ACVR1B_ACVR2A","Peritoneal Cavity","Spleen","0"
"INHBA_ACVR1B_ACVR2B","Peritoneal Cavity","Peritoneal Cavity","0"
"INHBA_ACVR1B_ACVR2B","Peritoneal Cavity","Spleen","0"
"INHBABB_ACVR1B_ACVR2A","Peritoneal Cavity","Peritoneal Cavity","0.02"
"INHBABB_ACVR1B_ACVR2A","Peritoneal Cavity","Spleen","0"
"INHBABB_ACVR1B_ACVR2B","Peritoneal Cavity","Peritoneal Cavity","0"
"INHBABB_ACVR1B_ACVR2B","Spleen","Peritoneal Cavity","0"
"INHBABB_ACVR1C_ACVR2A","Peritoneal Cavity","Spleen","0"
"INHB_ACVR1C_ACVR2B","Peritoneal Cavity","Peritoneal Cavity","0"
"INHB_ACVR1C_ACVR2B","Spleen","Peritoneal Cavity","0.02"
"WNT10A_FZD1_LRP5","Peritoneal Cavity","Peritoneal Cavity","0"
"WNT10A_FZD1_LRP5","Spleen","Peritoneal Cavity","0"
"WNT10A_FZD10_LRP5","Peritoneal Cavity","Peritoneal Cavity","0.03"
"WNT10A_FZD10_LRP5","Spleen","Peritoneal Cavity","0"
"WNT10A_FZD2_LRP5","Peritoneal Cavity","Peritoneal Cavity","0.03"
"WNT10A_FZD2_LRP5","Spleen","Peritoneal Cavity","0"
"WNT10A_FZD3_LRP5","Spleen","Peritoneal Cavity","0"
"WNT10A_FZD4_LRP5","Peritoneal Cavity","Peritoneal Cavity","0"
"WNT10A_FZD4_LRP5","Spleen","Peritoneal Cavity","0"
"WNT10A_FZD5_LRP5","Spleen","Peritoneal Cavity","0"
"WNT10A_FZD6_LRP5","Spleen","Peritoneal Cavity","0"
"WNT10A_FZD7_LRP5","Peritoneal Cavity","Peritoneal Cavity","0"
"WNT10A_FZD7_LRP5","Spleen","Peritoneal Cavity","0"
"WNT10A_FZD8_LRP5","Peritoneal Cavity","Peritoneal Cavity","0.03"
"WNT10A_FZD8_LRP5","Spleen","Peritoneal Cavity","0"
"WNT10A_FZD9_LRP5","Peritoneal Cavity","Peritoneal Cavity","0.03"
"WNT10A_FZD9_LRP5","Spleen","Peritoneal Cavity","0"
"WNT3_FZD1_LRP5","Peritoneal Cavity","Peritoneal Cavity","0"
"WNT3_FZD1_LRP5","Spleen","Peritoneal Cavity","0"
"WNT3_FZD10_LRP5","Peritoneal Cavity","Peritoneal Cavity","0.04"
"WNT3_FZD10_LRP5","Spleen","Peritoneal Cavity","0"
"WNT3_FZD2_LRP5","Spleen","Peritoneal Cavity","0"
"WNT3_FZD3_LRP5","Spleen","Peritoneal Cavity","0"
"WNT3_FZD4_LRP5","Peritoneal Cavity","Peritoneal Cavity","0"
"WNT3_FZD4_LRP5","Spleen","Peritoneal Cavity","0"
"WNT3_FZD5_LRP5","Spleen","Peritoneal Cavity","0"
"WNT3_FZD6_LRP5","Spleen","Peritoneal Cavity","0"
"WNT3_FZD7_LRP5","Peritoneal Cavity","Peritoneal Cavity","0"
"WNT3_FZD7_LRP5","Spleen","Peritoneal Cavity","0"
"WNT3_FZD8_LRP5","Peritoneal Cavity","Peritoneal Cavity","0.02"
"WNT3_FZD8_LRP5","Spleen","Peritoneal Cavity","0"
"WNT3_FZD9_LRP5","Peritoneal Cavity","Peritoneal Cavity","0.04"
"WNT3_FZD9_LRP5","Spleen","Peritoneal Cavity","0"
"WNT6_FZD1_LRP5","Peritoneal Cavity","Peritoneal Cavity","0"
"WNT6_FZD1_LRP5","Spleen","Peritoneal Cavity","0"
"WNT6_FZD10_LRP5","Peritoneal Cavity","Peritoneal Cavity","0"
"WNT6_FZD10_LRP5","Spleen","Peritoneal Cavity","0"
"WNT6_FZD10_LRP5","Peritoneal Cavity","Spleen","0"
"WNT6_FZD2_LRP5","Peritoneal Cavity","Peritoneal Cavity","0"
"WNT6_FZD2_LRP5","Spleen","Peritoneal Cavity","0"
"WNT6_FZD2_LRP5","Peritoneal Cavity","Spleen","0"
"WNT6_FZD3_LRP5","Peritoneal Cavity","Peritoneal Cavity","0"
"WNT6_FZD3_LRP5","Spleen","Peritoneal Cavity","0"
"WNT6_FZD3_LRP5","Peritoneal Cavity","Spleen","0"
"WNT6_FZD4_LRP5","Peritoneal Cavity","Peritoneal Cavity","0"
"WNT6_FZD4_LRP5","Spleen","Peritoneal Cavity","0"
"WNT6_FZD5_LRP5","Peritoneal Cavity","Peritoneal Cavity","0"
"WNT6_FZD5_LRP5","Peritoneal Cavity","Spleen","0"
"WNT6_FZD6_LRP5","Peritoneal Cavity","Peritoneal Cavity","0"
"WNT6_FZD6_LRP5","Spleen","Peritoneal Cavity","0"
"WNT6_FZD6_LRP5","Peritoneal Cavity","Spleen","0"
"WNT6_FZD7_LRP5","Peritoneal Cavity","Peritoneal Cavity","0"
"WNT6_FZD7_LRP5","Spleen","Peritoneal Cavity","0"
"WNT6_FZD8_LRP5","Peritoneal Cavity","Peritoneal Cavity","0"
"WNT6_FZD8_LRP5","Spleen","Peritoneal Cavity","0"
"WNT6_FZD8_LRP5","Peritoneal Cavity","Spleen","0"
"WNT6_FZD9_LRP5","Peritoneal Cavity","Peritoneal Cavity","0"
"WNT6_FZD9_LRP5","Spleen","Peritoneal Cavity","0"
"WNT6_FZD9_LRP5","Peritoneal Cavity","Spleen","0"
"WNT7B_FZD1_LRP5","Peritoneal Cavity","Peritoneal Cavity","0"
"WNT7B_FZD1_LRP5","Spleen","Peritoneal Cavity","0"
"WNT7B_FZD10_LRP5","Peritoneal Cavity","Peritoneal Cavity","0"
"WNT7B_FZD10_LRP5","Spleen","Peritoneal Cavity","0"
"WNT7B_FZD2_LRP5","Peritoneal Cavity","Peritoneal Cavity","0"
"WNT7B_FZD2_LRP5","Spleen","Peritoneal Cavity","0"
"WNT7B_FZD3_LRP5","Peritoneal Cavity","Peritoneal Cavity","0"
"WNT7B_FZD3_LRP5","Spleen","Peritoneal Cavity","0"
"WNT7B_FZD4_LRP5","Peritoneal Cavity","Peritoneal Cavity","0"
"WNT7B_FZD4_LRP5","Spleen","Peritoneal Cavity","0"
"WNT7B_FZD5_LRP5","Peritoneal Cavity","Peritoneal Cavity","0.04"
"WNT7B_FZD5_LRP5","Spleen","Peritoneal Cavity","0"
"WNT7B_FZD6_LRP5","Peritoneal Cavity","Peritoneal Cavity","0"
"WNT7B_FZD6_LRP5","Spleen","Peritoneal Cavity","0"
"WNT7B_FZD7_LRP5","Peritoneal Cavity","Peritoneal Cavity","0"
"WNT7B_FZD7_LRP5","Spleen","Peritoneal Cavity","0"
"WNT7B_FZD8_LRP5","Peritoneal Cavity","Peritoneal Cavity","0"
"WNT7B_FZD8_LRP5","Spleen","Peritoneal Cavity","0"
"WNT7B_FZD9_LRP5","Peritoneal Cavity","Peritoneal Cavity","0"
"WNT7B_FZD9_LRP5","Spleen","Peritoneal Cavity","0"
"WNT8B_FZD1_LRP5","Peritoneal Cavity","Peritoneal Cavity","0"
"WNT8B_FZD1_LRP5","Spleen","Peritoneal Cavity","0"
"WNT8B_FZD10_LRP5","Peritoneal Cavity","Peritoneal Cavity","0"
"WNT8B_FZD10_LRP5","Spleen","Peritoneal Cavity","0"
"WNT8B_FZD2_LRP5","Peritoneal Cavity","Peritoneal Cavity","0"
"WNT8B_FZD2_LRP5","Spleen","Peritoneal Cavity","0"
"WNT8B_FZD3_LRP5","Peritoneal Cavity","Peritoneal Cavity","0"
"WNT8B_FZD3_LRP5","Spleen","Peritoneal Cavity","0"
"WNT8B_FZD4_LRP5","Peritoneal Cavity","Peritoneal Cavity","0"
"WNT8B_FZD4_LRP5","Spleen","Peritoneal Cavity","0"
"WNT8B_FZD5_LRP5","Peritoneal Cavity","Peritoneal Cavity","0.02"
"WNT8B_FZD5_LRP5","Spleen","Peritoneal Cavity","0"
"WNT8B_FZD6_LRP5","Peritoneal Cavity","Peritoneal Cavity","0"
"WNT8B_FZD6_LRP5","Spleen","Peritoneal Cavity","0"
"WNT8B_FZD7_LRP5","Peritoneal Cavity","Peritoneal Cavity","0"
"WNT8B_FZD7_LRP5","Spleen","Peritoneal Cavity","0"
"WNT8B_FZD8_LRP5","Peritoneal Cavity","Peritoneal Cavity","0"
"WNT8B_FZD8_LRP5","Spleen","Peritoneal Cavity","0"
"WNT8B_FZD9_LRP5","Peritoneal Cavity","Peritoneal Cavity","0"
"WNT8B_FZD9_LRP5","Spleen","Peritoneal Cavity","0"
"WNT10A_FZD1_LRP6","Peritoneal Cavity","Peritoneal Cavity","0.01"
"WNT10A_FZD1_LRP6","Spleen","Peritoneal Cavity","0"
"WNT10A_FZD10_LRP6","Spleen","Peritoneal Cavity","0"
"WNT10A_FZD10_LRP6","Spleen","Spleen","0.03"
"WNT10A_FZD2_LRP6","Spleen","Peritoneal Cavity","0"
"WNT10A_FZD2_LRP6","Spleen","Spleen","0.03"
"WNT10A_FZD3_LRP6","Spleen","Peritoneal Cavity","0"
"WNT10A_FZD3_LRP6","Spleen","Spleen","0.02"
"WNT10A_FZD4_LRP6","Peritoneal Cavity","Peritoneal Cavity","0.01"
"WNT10A_FZD4_LRP6","Spleen","Peritoneal Cavity","0"
"WNT10A_FZD5_LRP6","Spleen","Spleen","0"
"WNT10A_FZD6_LRP6","Spleen","Peritoneal Cavity","0.03"
"WNT10A_FZD6_LRP6","Spleen","Spleen","0.01"
"WNT10A_FZD7_LRP6","Peritoneal Cavity","Peritoneal Cavity","0.01"
"WNT10A_FZD7_LRP6","Spleen","Peritoneal Cavity","0"
"WNT10A_FZD8_LRP6","Spleen","Peritoneal Cavity","0"
"WNT10A_FZD9_LRP6","Spleen","Peritoneal Cavity","0"
"WNT10A_FZD9_LRP6","Spleen","Spleen","0.03"
"WNT3_FZD1_LRP6","Peritoneal Cavity","Peritoneal Cavity","0"
"WNT3_FZD1_LRP6","Spleen","Peritoneal Cavity","0"
"WNT3_FZD10_LRP6","Spleen","Peritoneal Cavity","0"
"WNT3_FZD2_LRP6","Spleen","Peritoneal Cavity","0"
"WNT3_FZD3_LRP6","Spleen","Peritoneal Cavity","0.01"
"WNT3_FZD4_LRP6","Peritoneal Cavity","Peritoneal Cavity","0"
"WNT3_FZD4_LRP6","Spleen","Peritoneal Cavity","0"
"WNT3_FZD5_LRP6","Spleen","Spleen","0"
"WNT3_FZD6_LRP6","Spleen","Spleen","0.04"
"WNT3_FZD7_LRP6","Peritoneal Cavity","Peritoneal Cavity","0"
"WNT3_FZD7_LRP6","Spleen","Peritoneal Cavity","0"
"WNT3_FZD8_LRP6","Spleen","Peritoneal Cavity","0"
"WNT3_FZD9_LRP6","Spleen","Peritoneal Cavity","0"
"WNT6_FZD1_LRP6","Peritoneal Cavity","Peritoneal Cavity","0"
"WNT6_FZD1_LRP6","Spleen","Peritoneal Cavity","0"
"WNT6_FZD10_LRP6","Peritoneal Cavity","Peritoneal Cavity","0"
"WNT6_FZD10_LRP6","Peritoneal Cavity","Spleen","0"
"WNT6_FZD2_LRP6","Peritoneal Cavity","Peritoneal Cavity","0"
"WNT6_FZD2_LRP6","Peritoneal Cavity","Spleen","0"
"WNT6_FZD3_LRP6","Peritoneal Cavity","Peritoneal Cavity","0"
"WNT6_FZD3_LRP6","Peritoneal Cavity","Spleen","0"
"WNT6_FZD4_LRP6","Peritoneal Cavity","Peritoneal Cavity","0"
"WNT6_FZD4_LRP6","Spleen","Peritoneal Cavity","0"
"WNT6_FZD5_LRP6","Peritoneal Cavity","Peritoneal Cavity","0"
"WNT6_FZD5_LRP6","Peritoneal Cavity","Spleen","0"
"WNT6_FZD6_LRP6","Peritoneal Cavity","Peritoneal Cavity","0"
"WNT6_FZD6_LRP6","Peritoneal Cavity","Spleen","0"
"WNT6_FZD7_LRP6","Peritoneal Cavity","Peritoneal Cavity","0"
"WNT6_FZD7_LRP6","Spleen","Peritoneal Cavity","0"
"WNT6_FZD7_LRP6","Peritoneal Cavity","Spleen","0"
"WNT6_FZD8_LRP6","Peritoneal Cavity","Peritoneal Cavity","0"
"WNT6_FZD8_LRP6","Peritoneal Cavity","Spleen","0"
"WNT6_FZD9_LRP6","Peritoneal Cavity","Peritoneal Cavity","0"
"WNT6_FZD9_LRP6","Peritoneal Cavity","Spleen","0"
"WNT7B_FZD1_LRP6","Peritoneal Cavity","Peritoneal Cavity","0"
"WNT7B_FZD1_LRP6","Spleen","Peritoneal Cavity","0"
"WNT7B_FZD10_LRP6","Spleen","Peritoneal Cavity","0"
"WNT7B_FZD2_LRP6","Spleen","Peritoneal Cavity","0"
"WNT7B_FZD3_LRP6","Spleen","Peritoneal Cavity","0.01"
"WNT7B_FZD4_LRP6","Peritoneal Cavity","Peritoneal Cavity","0"
"WNT7B_FZD4_LRP6","Spleen","Peritoneal Cavity","0"
"WNT7B_FZD5_LRP6","Peritoneal Cavity","Spleen","0.02"
"WNT7B_FZD5_LRP6","Spleen","Spleen","0.01"
"WNT7B_FZD6_LRP6","Spleen","Peritoneal Cavity","0.03"
"WNT7B_FZD7_LRP6","Peritoneal Cavity","Peritoneal Cavity","0"
"WNT7B_FZD7_LRP6","Spleen","Peritoneal Cavity","0"
"WNT7B_FZD8_LRP6","Peritoneal Cavity","Peritoneal Cavity","0.04"
"WNT7B_FZD8_LRP6","Spleen","Peritoneal Cavity","0"
"WNT7B_FZD9_LRP6","Spleen","Peritoneal Cavity","0"
"WNT8B_FZD1_LRP6","Peritoneal Cavity","Peritoneal Cavity","0"
"WNT8B_FZD1_LRP6","Spleen","Peritoneal Cavity","0"
"WNT8B_FZD10_LRP6","Spleen","Peritoneal Cavity","0"
"WNT8B_FZD10_LRP6","Spleen","Spleen","0.03"
"WNT8B_FZD2_LRP6","Spleen","Peritoneal Cavity","0"
"WNT8B_FZD2_LRP6","Spleen","Spleen","0.03"
"WNT8B_FZD3_LRP6","Spleen","Peritoneal Cavity","0.02"
"WNT8B_FZD3_LRP6","Spleen","Spleen","0.03"
"WNT8B_FZD4_LRP6","Peritoneal Cavity","Peritoneal Cavity","0"
"WNT8B_FZD4_LRP6","Spleen","Peritoneal Cavity","0"
"WNT8B_FZD5_LRP6","Peritoneal Cavity","Spleen","0.02"
"WNT8B_FZD5_LRP6","Spleen","Spleen","0"
"WNT8B_FZD6_LRP6",NA,NA,NA
"WNT8B_FZD6_LRP6","WNT8B_FZD6_LRP6","WNT8B_FZD6_LRP6","WNT8B_FZD6_LRP6"
"WNT8B_FZD7_LRP6","Peritoneal Cavity","Peritoneal Cavity","0"
"WNT8B_FZD7_LRP6","Spleen","Peritoneal Cavity","0"
"WNT8B_FZD8_LRP6","Peritoneal Cavity","Peritoneal Cavity","0.02"
"WNT8B_FZD8_LRP6","Spleen","Peritoneal Cavity","0"
"WNT8B_FZD9_LRP6","Spleen","Peritoneal Cavity","0"
"WNT8B_FZD9_LRP6","Spleen","Spleen","0.03"
"WNT5A_FZD1","Peritoneal Cavity","Peritoneal Cavity","0"
"WNT5A_FZD1","Spleen","Peritoneal Cavity","0"
"WNT5A_FZD4","Peritoneal Cavity","Peritoneal Cavity","0"
"WNT5A_FZD4","Spleen","Peritoneal Cavity","0"
"WNT5A_FZD5","Peritoneal Cavity","Spleen","0"
"WNT5A_FZD5","Spleen","Spleen","0"
"WNT5A_FZD7","Peritoneal Cavity","Peritoneal Cavity","0"
"WNT5A_FZD7","Spleen","Peritoneal Cavity","0"
"WNT5A_MCAM","Peritoneal Cavity","Spleen","0"
"WNT5A_MCAM","Spleen","Spleen","0"
"WNT5B_FZD1","Peritoneal Cavity","Peritoneal Cavity","0"
"WNT5B_FZD1","Spleen","Peritoneal Cavity","0"
"WNT5B_FZD4","Peritoneal Cavity","Peritoneal Cavity","0"
"WNT5B_FZD4","Spleen","Peritoneal Cavity","0"
"WNT5B_FZD5","Peritoneal Cavity","Spleen","0.02"
"WNT5B_FZD5","Spleen","Spleen","0"
"WNT5B_FZD7","Peritoneal Cavity","Peritoneal Cavity","0"
"WNT5B_FZD7","Spleen","Peritoneal Cavity","0"
"EGF_EGFR","Peritoneal Cavity","Peritoneal Cavity","0"
"EGF_EGFR","Spleen","Peritoneal Cavity","0"
"EGF_EGFR_ERBB2","Peritoneal Cavity","Peritoneal Cavity","0"
"EGF_EGFR_ERBB2","Spleen","Peritoneal Cavity","0"
"BTC_EGFR","Peritoneal Cavity","Peritoneal Cavity","0"
"BTC_EGFR","Spleen","Peritoneal Cavity","0"
"BTC_EGFR_ERBB2","Peritoneal Cavity","Peritoneal Cavity","0"
"BTC_EGFR_ERBB2","Spleen","Peritoneal Cavity","0"
"BTC_ERBB2_ERBB4","Peritoneal Cavity","Peritoneal Cavity","0"
"BTC_ERBB2_ERBB4","Spleen","Peritoneal Cavity","0"
"HBEGF_EGFR","Peritoneal Cavity","Peritoneal Cavity","0"
"HBEGF_EGFR","Spleen","Peritoneal Cavity","0"
"HBEGF_EGFR_ERBB2","Peritoneal Cavity","Peritoneal Cavity","0"
"HBEGF_EGFR_ERBB2","Spleen","Peritoneal Cavity","0"
"HBEGF_ERBB2_ERBB4","Peritoneal Cavity","Peritoneal Cavity","0"
"HBEGF_ERBB2_ERBB4","Peritoneal Cavity","Spleen","0"
"EREG_EGFR","Peritoneal Cavity","Peritoneal Cavity","0"
"EREG_EGFR","Spleen","Peritoneal Cavity","0"
"EREG_EGFR_ERBB2","Peritoneal Cavity","Peritoneal Cavity","0"
"EREG_EGFR_ERBB2","Spleen","Peritoneal Cavity","0"
"EREG_ERBB2_ERBB4","Peritoneal Cavity","Peritoneal Cavity","0"
"EREG_ERBB2_ERBB4","Spleen","Peritoneal Cavity","0"
"NRG3_ERBB2_ERBB4","Spleen","Peritoneal Cavity","0"
"NRG4_ERBB2_ERBB4","Peritoneal Cavity","Peritoneal Cavity","0"
"NRG4_ERBB2_ERBB4","Spleen","Peritoneal Cavity","0.01"
"FGF10_FGFR2","Spleen","Spleen","0"
"FGF22_FGFR2",NA,NA,NA
"FGF22_FGFR2","FGF22_FGFR2","FGF22_FGFR2","FGF22_FGFR2"
"FGF9_FGFR2","Peritoneal Cavity","Peritoneal Cavity","0"
"FGF9_FGFR2","Peritoneal Cavity","Spleen","0"
"VEGFA_VEGFR1","Spleen","Spleen","0"
"VEGFB_VEGFR1","Spleen","Spleen","0"
"VEGFC_VEGFR3","Spleen","Peritoneal Cavity","0"
"VEGFC_VEGFR3","Spleen","Spleen","0.02"
"PGF_VEGFR1","Peritoneal Cavity","Spleen","0"
"VEGFA_VEGFR1R2","Spleen","Spleen","0"
"VEGFC_VEGFR2R3","Spleen","Peritoneal Cavity","0"
"VEGFC_VEGFR2R3","Spleen","Spleen","0.02"
"IGF1_IGF1R","Peritoneal Cavity","Peritoneal Cavity","0"
"IGF1_IGF1R","Peritoneal Cavity","Spleen","0"
"IGF1_ITGAV_ITGB3","Peritoneal Cavity","Peritoneal Cavity","0"
"IGF1_ITGAV_ITGB3","Peritoneal Cavity","Spleen","0"
"INS2_INSSR","Peritoneal Cavity","Peritoneal Cavity","0"
"INS2_INSSR","Spleen","Peritoneal Cavity","0"
"CCL5_CCR1L1","Spleen","Peritoneal Cavity","0"
"CCL5_CCR1L1","Spleen","Spleen","0.02"
"CCL3_CCR1L1","Peritoneal Cavity","Peritoneal Cavity","0.03"
"CCL3_CCR1L1","Spleen","Peritoneal Cavity","0"
"CCL3_CCR1L1","Spleen","Spleen","0.02"
"CCL7_CCR1L1","Peritoneal Cavity","Peritoneal Cavity","0"
"CCL7_CCR1L1","Spleen","Peritoneal Cavity","0"
"CCL5_CCR3","Spleen","Peritoneal Cavity","0"
"CCL5_CCR3","Spleen","Spleen","0.02"
"CCL7_CCR3","Peritoneal Cavity","Peritoneal Cavity","0"
"CCL7_CCR3","Spleen","Peritoneal Cavity","0"
"CCL11_CCR3","Peritoneal Cavity","Peritoneal Cavity","0"
"CCL11_CCR3","Spleen","Peritoneal Cavity","0"
"CCL26_CCR3","Peritoneal Cavity","Peritoneal Cavity","0"
"CCL26_CCR3","Spleen","Peritoneal Cavity","0"
"CCL27A_CCR3","Spleen","Peritoneal Cavity","0"
"CXCL1_CXCR1","Peritoneal Cavity","Peritoneal Cavity","0"
"CXCL1_CXCR1","Peritoneal Cavity","Spleen","0"
"CXCL2_CXCR1","Peritoneal Cavity","Peritoneal Cavity","0"
"CXCL2_CXCR1","Peritoneal Cavity","Spleen","0"
"CXCL3_CXCR1","Peritoneal Cavity","Peritoneal Cavity","0.04"
"CXCL3_CXCR1","Peritoneal Cavity","Spleen","0"
"CXCL10_CXCR3","Spleen","Spleen","0"
"CXCL13_CXCR3","Peritoneal Cavity","Spleen","0"
"CXCL12_CXCR4","Peritoneal Cavity","Spleen","0"
"CXCL12_ACKR3","Peritoneal Cavity","Peritoneal Cavity","0"
"CXCL16_CXCR6","Peritoneal Cavity","Peritoneal Cavity","0"
"CXCL16_CXCR6","Peritoneal Cavity","Spleen","0"
"MIF_CD74_CXCR4","Peritoneal Cavity","Spleen","0"
"MIF_CD74_CXCR4","Spleen","Spleen","0"
"MIF_ACKR3","Peritoneal Cavity","Peritoneal Cavity","0"
"MIF_ACKR3","Spleen","Peritoneal Cavity","0"
"IL7_IL7R_IL2RG","Peritoneal Cavity","Spleen","0"
"IL15_IL15RA_IL2RB","Peritoneal Cavity","Spleen","0"
"IL21_IL21R_IL2RG","Peritoneal Cavity","Spleen","0.01"
"IL21_IL21R_IL2RG","Spleen","Spleen","0"
"TSLP_IL7R_CRLF2","Peritoneal Cavity","Spleen","0"
"IL6_IL6R_IL6ST","Peritoneal Cavity","Peritoneal Cavity","0"
"IL6_IL6R_IL6ST","Peritoneal Cavity","Spleen","0"
"IL12B_IL12RB1_IL12RB2","Spleen","Spleen","0"
"IL23A_IL23R_IL12RB1","Peritoneal Cavity","Spleen","0"
"IL23A_IL23R_IL12RB1","Spleen","Spleen","0"
"EBI3_IL27RA_IL6ST","Peritoneal Cavity","Peritoneal Cavity","0"
"EBI3_IL27RA_IL6ST","Peritoneal Cavity","Spleen","0"
"CLCF1_CNTFR_LIFR","Spleen","Peritoneal Cavity","0"
"OSM_LIFR_IL6ST","Peritoneal Cavity","Peritoneal Cavity","0"
"OSM_LIFR_IL6ST","Spleen","Peritoneal Cavity","0"
"IL10_IL10RA_IL10RB","Peritoneal Cavity","Peritoneal Cavity","0"
"IL10_IL10RA_IL10RB","Peritoneal Cavity","Spleen","0"
"IL24_IL20RA_IL20RB",NA,NA,NA
"IL24_IL20RA_IL20RB","IL24_IL20RA_IL20RB","IL24_IL20RA_IL20RB","IL24_IL20RA_IL20RB"
"IL24_IL22RA1_IL20RB","Spleen","Peritoneal Cavity","0"
"IL1A_IL1R1_IL1RAP","Peritoneal Cavity","Peritoneal Cavity","0"
"IL1A_IL1R1_IL1RAP","Peritoneal Cavity","Spleen","0"
"IL1B_IL1R1_IL1RAP","Peritoneal Cavity","Peritoneal Cavity","0"
"IL1B_IL1R1_IL1RAP","Spleen","Peritoneal Cavity","0"
"IL18_IL18R1_IL18RAP","Peritoneal Cavity","Spleen","0"
"IL33_IL1RL1_IL1RAP","Peritoneal Cavity","Peritoneal Cavity","0"
"IL33_IL1RL1_IL1RAP","Spleen","Peritoneal Cavity","0"
"IL17C_IL17RA_IL17RE","Spleen","Spleen","0"
"IL16_CD4","Spleen","Spleen","0"
"GH1_GHR","Peritoneal Cavity","Peritoneal Cavity","0"
"GH1_GHR","Spleen","Peritoneal Cavity","0"
"IFNK_IFNAR1_IFNAR2","Peritoneal Cavity","Peritoneal Cavity","0"
"IFNK_IFNAR1_IFNAR2","Spleen","Peritoneal Cavity","0.01"
"IFNK_IFNAR1_IFNAR2","Peritoneal Cavity","Spleen","0"
"IFNG_IFNGR1_IFNGR2","Spleen","Peritoneal Cavity","0"
"IFNG_IFNGR1_IFNGR2","Spleen","Spleen","0.04"
"LTA_LTB_LTBR","Spleen","Peritoneal Cavity","0"
"FASL_FAS","Spleen","Peritoneal Cavity","0"
"FASL_FAS","Spleen","Spleen","0.02"
"TNFSF10_TNFRSF10B","Spleen","Spleen","0"
"EDA_EDA2R","Peritoneal Cavity","Spleen","0"
"TNFSF11_TNFRSF11A","Peritoneal Cavity","Peritoneal Cavity","0"
"TNFSF11_TNFRSF11A","Spleen","Peritoneal Cavity","0"
"TNFSF12_TNFRSF12A","Peritoneal Cavity","Peritoneal Cavity","0"
"TNFSF12_TNFRSF12A","Peritoneal Cavity","Spleen","0"
"TNFSF8_TNFRSF8","Spleen","Peritoneal Cavity","0"
"TNFSF9_TNFRSF9","Peritoneal Cavity","Spleen","0"
"TNFSF4_TNFRSF4","Spleen","Spleen","0"
"TNFSF18_TNFRSF18","Spleen","Spleen","0"
"TNFSF13_TNFRSF17","Peritoneal Cavity","Peritoneal Cavity","0"
"TNFSF13_TNFRSF17","Peritoneal Cavity","Spleen","0"
"TNFSF13_TNFRSF13B","Peritoneal Cavity","Peritoneal Cavity","0"
"TNFSF13_TNFRSF13B","Peritoneal Cavity","Spleen","0"
"TNFSF13B_TNFRSF17","Peritoneal Cavity","Peritoneal Cavity","0"
"TNFSF13B_TNFRSF17","Peritoneal Cavity","Spleen","0"
"TNFSF13B_TNFRSF13B","Peritoneal Cavity","Peritoneal Cavity","0"
"TNFSF13B_TNFRSF13B","Peritoneal Cavity","Spleen","0"
"TNFSF13B_TNFRSF13C","Peritoneal Cavity","Spleen","0"
"CD40LG_ITGA2B_ITGB3","Spleen","Peritoneal Cavity","0.03"
"CD40LG_ITGA2B_ITGB3","Spleen","Spleen","0"
"CD40LG_ITGA5_ITGB1","Spleen","Peritoneal Cavity","0"
"SPP1_ITGAV_ITGB3","Peritoneal Cavity","Peritoneal Cavity","0"
"SPP1_ITGAV_ITGB3","Peritoneal Cavity","Spleen","0"
"SPP1_ITGAV_ITGB1","Peritoneal Cavity","Peritoneal Cavity","0"
"SPP1_ITGAV_ITGB1","Peritoneal Cavity","Spleen","0"
"SPP1_ITGAV_ITGB5","Peritoneal Cavity","Peritoneal Cavity","0"
"SPP1_ITGAV_ITGB5","Peritoneal Cavity","Spleen","0"
"SPP1_ITGAV_ITGB6","Peritoneal Cavity","Peritoneal Cavity","0"
"SPP1_ITGAV_ITGB6","Peritoneal Cavity","Spleen","0"
"SPP1_ITGA9_ITGB1","Peritoneal Cavity","Peritoneal Cavity","0"
"SPP1_ITGA9_ITGB1","Spleen","Peritoneal Cavity","0.01"
"SPP1_ITGA9_ITGB1","Peritoneal Cavity","Spleen","0.01"
"SPP1_ITGA8_ITGB1","Peritoneal Cavity","Peritoneal Cavity","0"
"SPP1_ITGA8_ITGB1","Peritoneal Cavity","Spleen","0"
"SPP1_ITGA5_ITGB1","Peritoneal Cavity","Peritoneal Cavity","0"
"SPP1_ITGA5_ITGB1","Peritoneal Cavity","Spleen","0"
"RETN_TLR4","Peritoneal Cavity","Peritoneal Cavity","0"
"RETN_TLR4","Spleen","Peritoneal Cavity","0"
"NAMPT_INSR","Peritoneal Cavity","Peritoneal Cavity","0"
"NAMPT_INSR","Spleen","Peritoneal Cavity","0"
"NAMPT_INSR","Peritoneal Cavity","Spleen","0"
"NAMPT_ITGA5_ITGB1","Peritoneal Cavity","Peritoneal Cavity","0"
"NAMPT_ITGA5_ITGB1","Spleen","Peritoneal Cavity","0"
"ANGPTL2_ITGA5_ITGB1","Peritoneal Cavity","Peritoneal Cavity","0"
"ANGPTL2_ITGA5_ITGB1","Spleen","Peritoneal Cavity","0"
"ANGPTL2_TLR4","Peritoneal Cavity","Peritoneal Cavity","0"
"ANGPTL2_TLR4","Spleen","Peritoneal Cavity","0"
"ANGPTL3_ITGAV_ITGB3","Peritoneal Cavity","Peritoneal Cavity","0"
"ANGPTL3_ITGAV_ITGB3","Peritoneal Cavity","Spleen","0"
"NPFF_NPFFR1","Spleen","Peritoneal Cavity","0.02"
"NPFF_NPFFR1","Spleen","Spleen","0"
"PENK_OPRK1","Spleen","Spleen","0"
"PENK_OPRM1","Spleen","Spleen","0"
"POMC_OPRK1","Spleen","Spleen","0.03"
"POMC_OPRM1","Spleen","Spleen","0"
"TAC4_TACR1","Spleen","Peritoneal Cavity","0.01"
"TAC4_TACR1","Spleen","Spleen","0.01"
"TRY5_F2R","Peritoneal Cavity","Spleen","0"
"CTSG_F2R","Peritoneal Cavity","Spleen","0"
"CTSG_F2R","Spleen","Spleen","0"
"F2_F2R","Spleen","Spleen","0"
"GZMA_F2R","Spleen","Peritoneal Cavity","0.02"
"GZMA_F2R","Spleen","Spleen","0"
"PRSS2_F2R","Spleen","Spleen","0"
"TRY5_F2RL1","Peritoneal Cavity","Spleen","0"
"TRY5_F2RL1","Spleen","Spleen","0.01"
"CTSG_F2RL1","Peritoneal Cavity","Spleen","0"
"CTSG_F2RL1","Spleen","Spleen","0"
"F2_F2RL1","Spleen","Spleen","0"
"GZMA_F2RL1","Spleen","Peritoneal Cavity","0.02"
"GZMA_F2RL1","Spleen","Spleen","0"
"PRSS2_F2RL1","Spleen","Spleen","0"
"TRY5_F2RL2","Peritoneal Cavity","Spleen","0"
"TRY5_F2RL2","Spleen","Spleen","0.02"
"CTSG_F2RL2","Peritoneal Cavity","Spleen","0"
"CTSG_F2RL2","Spleen","Spleen","0"
"F2_F2RL2","Spleen","Spleen","0"
"GZMA_F2RL2","Spleen","Peritoneal Cavity","0.01"
"GZMA_F2RL2","Spleen","Spleen","0"
"PRSS2_F2RL2","Spleen","Spleen","0"
"TRY5_F2RL3","Peritoneal Cavity","Spleen","0"
"TRY5_F2RL3","Spleen","Spleen","0.01"
"CTSG_F2RL3","Peritoneal Cavity","Spleen","0"
"CTSG_F2RL3","Spleen","Spleen","0"
"F2_F2RL3","Spleen","Spleen","0"
"GZMA_F2RL3","Spleen","Peritoneal Cavity","0.02"
"GZMA_F2RL3","Spleen","Spleen","0"
"PRSS2_F2RL3","Spleen","Spleen","0"
"TRY5_PARD3","Peritoneal Cavity","Peritoneal Cavity","0"
"CTSG_PARD3","Peritoneal Cavity","Peritoneal Cavity","0"
"CTSG_PARD3","Spleen","Peritoneal Cavity","0.01"
"CTSG_PARD3","Peritoneal Cavity","Spleen","0"
"F2_PARD3","Spleen","Peritoneal Cavity","0.01"
"GZMA_PARD3","Spleen","Peritoneal Cavity","0"
"GZMA_PARD3","Spleen","Spleen","0.02"
"PRSS2_PARD3","Spleen","Peritoneal Cavity","0"
"PRSS2_PARD3","Spleen","Spleen","0"
"PROK2_PROKR1","Peritoneal Cavity","Peritoneal Cavity","0"
"PROK2_PROKR1","Spleen","Peritoneal Cavity","0"
"PROK2_PROKR1","Peritoneal Cavity","Spleen","0.04"
"KITL_KIT","Peritoneal Cavity","Spleen","0"
"SEMA3A_NRP1_PLXNA1","Peritoneal Cavity","Peritoneal Cavity","0"
"SEMA3A_NRP1_PLXNA1","Spleen","Peritoneal Cavity","0"
"SEMA3A_NRP1_PLXNA2","Peritoneal Cavity","Peritoneal Cavity","0"
"SEMA3A_NRP1_PLXNA2","Spleen","Peritoneal Cavity","0"
"SEMA3A_NRP1_PLXNA3","Spleen","Peritoneal Cavity","0"
"SEMA3A_NRP1_PLXNA4","Peritoneal Cavity","Peritoneal Cavity","0"
"SEMA3A_NRP1_PLXNA4","Spleen","Peritoneal Cavity","0"
"SEMA3D_NRP1_PLXNA1","Peritoneal Cavity","Peritoneal Cavity","0.01"
"SEMA3D_NRP1_PLXNA1","Spleen","Peritoneal Cavity","0"
"SEMA3D_NRP1_PLXNA2","Peritoneal Cavity","Peritoneal Cavity","0.03"
"SEMA3D_NRP1_PLXNA2","Spleen","Peritoneal Cavity","0"
"SEMA3D_NRP1_PLXNA3","Spleen","Peritoneal Cavity","0"
"SEMA3D_NRP1_PLXNA4","Peritoneal Cavity","Peritoneal Cavity","0"
"SEMA3D_NRP1_PLXNA4","Spleen","Peritoneal Cavity","0"
"SEMA3D_NRP2_PLXNA1","Spleen","Peritoneal Cavity","0"
"SEMA3D_NRP2_PLXNA2","Spleen","Peritoneal Cavity","0"
"SEMA3D_NRP2_PLXNA3","Spleen","Spleen","0.01"
"SEMA3D_NRP2_PLXNA4","Spleen","Peritoneal Cavity","0"
"SEMA3F_NRP2_PLXNA1","Peritoneal Cavity","Peritoneal Cavity","0"
"SEMA3F_NRP2_PLXNA1","Spleen","Peritoneal Cavity","0"
"SEMA3F_NRP2_PLXNA2","Peritoneal Cavity","Peritoneal Cavity","0"
"SEMA3F_NRP2_PLXNA2","Spleen","Peritoneal Cavity","0"
"SEMA3F_NRP2_PLXNA3","Peritoneal Cavity","Spleen","0.01"
"SEMA3F_NRP2_PLXNA4","Peritoneal Cavity","Peritoneal Cavity","0"
"SEMA3F_NRP2_PLXNA4","Spleen","Peritoneal Cavity","0"
"SEMA3G_NRP2_PLXNA1","Peritoneal Cavity","Peritoneal Cavity","0"
"SEMA3G_NRP2_PLXNA1","Spleen","Peritoneal Cavity","0"
"SEMA3G_NRP2_PLXNA2","Peritoneal Cavity","Peritoneal Cavity","0"
"SEMA3G_NRP2_PLXNA2","Spleen","Peritoneal Cavity","0"
"SEMA3G_NRP2_PLXNA3",NA,NA,NA
"SEMA3G_NRP2_PLXNA3","SEMA3G_NRP2_PLXNA3","SEMA3G_NRP2_PLXNA3","SEMA3G_NRP2_PLXNA3"
"SEMA3G_NRP2_PLXNA4","Peritoneal Cavity","Peritoneal Cavity","0"
"SEMA3G_NRP2_PLXNA4","Spleen","Peritoneal Cavity","0"
"GAS6_AXL","Peritoneal Cavity","Peritoneal Cavity","0"
"GAS6_AXL","Spleen","Peritoneal Cavity","0"
"GAS6_TYRO3","Peritoneal Cavity","Spleen","0"
"GH_GHR","Peritoneal Cavity","Peritoneal Cavity","0"
"GH_GHR","Spleen","Peritoneal Cavity","0"
"GH_PRLR","Spleen","Spleen","0"
"INSL3_RXFP1","Spleen","Spleen","0"
"INSL3_RXFP4","Spleen","Spleen","0"
"RLN3_RXFP1","Spleen","Spleen","0"
"RLN3_RXFP4","Spleen","Spleen","0"
"COL1A1_ITGA2_ITGB1","Peritoneal Cavity","Spleen","0.02"
"COL1A1_ITGA2_ITGB1","Spleen","Spleen","0.02"
"COL4A1_ITGA2_ITGB1","Peritoneal Cavity","Spleen","0"
"COL4A1_ITGA2_ITGB1","Spleen","Spleen","0.02"
"COL4A3_ITGA2_ITGB1","Peritoneal Cavity","Spleen","0.01"
"COL4A3_ITGA2_ITGB1","Spleen","Spleen","0.02"
"COL4A5_ITGA2_ITGB1","Peritoneal Cavity","Spleen","0"
"COL4A5_ITGA2_ITGB1","Spleen","Spleen","0.02"
"COL4A6_ITGA2_ITGB1","Peritoneal Cavity","Spleen","0.04"
"COL4A6_ITGA2_ITGB1","Spleen","Spleen","0.02"
"COL9A1_ITGA2_ITGB1","Peritoneal Cavity","Spleen","0.02"
"COL9A1_ITGA2_ITGB1","Spleen","Spleen","0.02"
"COL9A3_ITGA2_ITGB1","Spleen","Spleen","0.02"
"LAMA2_ITGA2_ITGB1","Spleen","Spleen","0.02"
"LAMA3_ITGA2_ITGB1","Peritoneal Cavity","Peritoneal Cavity","0.02"
"LAMA3_ITGA2_ITGB1","Peritoneal Cavity","Spleen","0"
"LAMA5_ITGA2_ITGB1","Spleen","Spleen","0.02"
"LAMB1_ITGA2_ITGB1","Peritoneal Cavity","Spleen","0.02"
"LAMB1_ITGA2_ITGB1","Spleen","Spleen","0.02"
"LAMB2_ITGA2_ITGB1","Peritoneal Cavity","Spleen","0"
"LAMB2_ITGA2_ITGB1","Spleen","Spleen","0.03"
"LAMB3_ITGA2_ITGB1","Spleen","Spleen","0.02"
"LAMC1_ITGA2_ITGB1","Peritoneal Cavity","Spleen","0.01"
"LAMC3_ITGA2_ITGB1","Peritoneal Cavity","Spleen","0.02"
"LAMC3_ITGA2_ITGB1","Spleen","Spleen","0.02"
"CHAD_ITGA2_ITGB1","Spleen","Spleen","0.02"
"LAMA2_ITGA3_ITGB1",NA,NA,NA
"LAMA2_ITGA3_ITGB1","LAMA2_ITGA3_ITGB1","LAMA2_ITGA3_ITGB1","LAMA2_ITGA3_ITGB1"
"LAMA3_ITGA3_ITGB1","Peritoneal Cavity","Peritoneal Cavity","0"
"LAMA3_ITGA3_ITGB1","Peritoneal Cavity","Spleen","0"
"LAMA5_ITGA3_ITGB1",NA,NA,NA
"LAMA5_ITGA3_ITGB1","LAMA5_ITGA3_ITGB1","LAMA5_ITGA3_ITGB1","LAMA5_ITGA3_ITGB1"
"LAMB1_ITGA3_ITGB1",NA,NA,NA
"LAMB1_ITGA3_ITGB1","LAMB1_ITGA3_ITGB1","LAMB1_ITGA3_ITGB1","LAMB1_ITGA3_ITGB1"
"LAMB2_ITGA3_ITGB1","Peritoneal Cavity","Peritoneal Cavity","0.02"
"LAMB2_ITGA3_ITGB1","Peritoneal Cavity","Spleen","0"
"LAMB3_ITGA3_ITGB1","Spleen","Spleen","0.03"
"LAMC1_ITGA3_ITGB1","Peritoneal Cavity","Peritoneal Cavity","0.01"
"LAMC1_ITGA3_ITGB1","Peritoneal Cavity","Spleen","0"
"LAMC3_ITGA3_ITGB1",NA,NA,NA
"LAMC3_ITGA3_ITGB1","LAMC3_ITGA3_ITGB1","LAMC3_ITGA3_ITGB1","LAMC3_ITGA3_ITGB1"
"RELN_ITGA3_ITGB1",NA,NA,NA
"RELN_ITGA3_ITGB1","RELN_ITGA3_ITGB1","RELN_ITGA3_ITGB1","RELN_ITGA3_ITGB1"
"THBS3_ITGA3_ITGB1","Peritoneal Cavity","Peritoneal Cavity","0"
"THBS3_ITGA3_ITGB1","Peritoneal Cavity","Spleen","0"
"COL1A1_ITGA3_ITGB1",NA,NA,NA
"COL1A1_ITGA3_ITGB1","COL1A1_ITGA3_ITGB1","COL1A1_ITGA3_ITGB1","COL1A1_ITGA3_ITGB1"
"COL4A1_ITGA3_ITGB1",NA,NA,NA
"COL4A1_ITGA3_ITGB1","COL4A1_ITGA3_ITGB1","COL4A1_ITGA3_ITGB1","COL4A1_ITGA3_ITGB1"
"COL4A3_ITGA3_ITGB1",NA,NA,NA
"COL4A3_ITGA3_ITGB1","COL4A3_ITGA3_ITGB1","COL4A3_ITGA3_ITGB1","COL4A3_ITGA3_ITGB1"
"COL4A5_ITGA3_ITGB1","Peritoneal Cavity","Spleen","0.01"
"COL4A6_ITGA3_ITGB1",NA,NA,NA
"COL4A6_ITGA3_ITGB1","COL4A6_ITGA3_ITGB1","COL4A6_ITGA3_ITGB1","COL4A6_ITGA3_ITGB1"
"COL9A1_ITGA3_ITGB1",NA,NA,NA
"COL9A1_ITGA3_ITGB1","COL9A1_ITGA3_ITGB1","COL9A1_ITGA3_ITGB1","COL9A1_ITGA3_ITGB1"
"COL9A3_ITGA3_ITGB1",NA,NA,NA
"COL9A3_ITGA3_ITGB1","COL9A3_ITGA3_ITGB1","COL9A3_ITGA3_ITGB1","COL9A3_ITGA3_ITGB1"
"LAMA2_ITGA7_ITGB1","Spleen","Peritoneal Cavity","0"
"LAMA3_ITGA7_ITGB1","Peritoneal Cavity","Peritoneal Cavity","0"
"LAMA3_ITGA7_ITGB1","Peritoneal Cavity","Spleen","0"
"LAMA5_ITGA7_ITGB1","Spleen","Peritoneal Cavity","0"
"LAMB1_ITGA7_ITGB1","Spleen","Peritoneal Cavity","0"
"LAMB2_ITGA7_ITGB1","Peritoneal Cavity","Peritoneal Cavity","0"
"LAMB2_ITGA7_ITGB1","Spleen","Peritoneal Cavity","0"
"LAMB2_ITGA7_ITGB1","Peritoneal Cavity","Spleen","0.03"
"LAMB3_ITGA7_ITGB1","Spleen","Peritoneal Cavity","0"
"LAMC1_ITGA7_ITGB1","Peritoneal Cavity","Peritoneal Cavity","0"
"LAMC3_ITGA7_ITGB1","Peritoneal Cavity","Peritoneal Cavity","0"
"LAMC3_ITGA7_ITGB1","Spleen","Peritoneal Cavity","0"
"TNN_ITGA8_ITGB1","Spleen","Peritoneal Cavity","0"
"TNXB_ITGA8_ITGB1","Peritoneal Cavity","Peritoneal Cavity","0"
"TNXB_ITGA8_ITGB1","Peritoneal Cavity","Spleen","0.02"
"NPNT1_ITGA8_ITGB1","Spleen","Peritoneal Cavity","0"
"NPNT2_ITGA8_ITGB1","Spleen","Peritoneal Cavity","0"
"TNN_ITGA9_ITGB1","Peritoneal Cavity","Peritoneal Cavity","0"
"TNN_ITGA9_ITGB1","Spleen","Peritoneal Cavity","0"
"TNXB_ITGA9_ITGB1","Peritoneal Cavity","Peritoneal Cavity","0"
"TNXB_ITGA9_ITGB1","Spleen","Peritoneal Cavity","0"
"COL1A1_ITGA9_ITGB1","Peritoneal Cavity","Peritoneal Cavity","0"
"COL1A1_ITGA9_ITGB1","Spleen","Peritoneal Cavity","0"
"COL4A1_ITGA9_ITGB1","Peritoneal Cavity","Peritoneal Cavity","0"
"COL4A1_ITGA9_ITGB1","Spleen","Peritoneal Cavity","0"
"COL4A3_ITGA9_ITGB1","Peritoneal Cavity","Peritoneal Cavity","0"
"COL4A3_ITGA9_ITGB1","Spleen","Peritoneal Cavity","0"
"COL4A5_ITGA9_ITGB1","Peritoneal Cavity","Peritoneal Cavity","0"
"COL4A5_ITGA9_ITGB1","Spleen","Peritoneal Cavity","0"
"COL4A6_ITGA9_ITGB1","Peritoneal Cavity","Peritoneal Cavity","0"
"COL4A6_ITGA9_ITGB1","Spleen","Peritoneal Cavity","0"
"COL9A1_ITGA9_ITGB1","Peritoneal Cavity","Peritoneal Cavity","0"
"COL9A1_ITGA9_ITGB1","Spleen","Peritoneal Cavity","0"
"COL9A3_ITGA9_ITGB1","Peritoneal Cavity","Peritoneal Cavity","0"
"COL9A3_ITGA9_ITGB1","Spleen","Peritoneal Cavity","0"
"LAMA2_ITGA9_ITGB1","Peritoneal Cavity","Peritoneal Cavity","0"
"LAMA2_ITGA9_ITGB1","Spleen","Peritoneal Cavity","0"
"LAMA3_ITGA9_ITGB1","Peritoneal Cavity","Peritoneal Cavity","0"
"LAMA3_ITGA9_ITGB1","Peritoneal Cavity","Spleen","0"
"LAMA5_ITGA9_ITGB1","Peritoneal Cavity","Peritoneal Cavity","0"
"LAMA5_ITGA9_ITGB1","Spleen","Peritoneal Cavity","0"
"LAMB1_ITGA9_ITGB1","Peritoneal Cavity","Peritoneal Cavity","0"
"LAMB1_ITGA9_ITGB1","Spleen","Peritoneal Cavity","0"
"LAMB2_ITGA9_ITGB1","Peritoneal Cavity","Peritoneal Cavity","0"
"LAMB2_ITGA9_ITGB1","Spleen","Peritoneal Cavity","0"
"LAMB3_ITGA9_ITGB1","Spleen","Peritoneal Cavity","0"
"LAMC1_ITGA9_ITGB1","Peritoneal Cavity","Peritoneal Cavity","0"
"LAMC1_ITGA9_ITGB1","Spleen","Peritoneal Cavity","0"
"LAMC3_ITGA9_ITGB1","Peritoneal Cavity","Peritoneal Cavity","0"
"LAMC3_ITGA9_ITGB1","Spleen","Peritoneal Cavity","0"
"COL1A1_ITGA10_ITGB1","Peritoneal Cavity","Peritoneal Cavity","0.03"
"COL1A1_ITGA10_ITGB1","Spleen","Peritoneal Cavity","0"
"COL4A1_ITGA10_ITGB1","Peritoneal Cavity","Peritoneal Cavity","0"
"COL4A3_ITGA10_ITGB1","Peritoneal Cavity","Peritoneal Cavity","0"
"COL4A5_ITGA10_ITGB1","Peritoneal Cavity","Peritoneal Cavity","0"
"COL4A5_ITGA10_ITGB1","Peritoneal Cavity","Spleen","0.02"
"COL4A6_ITGA10_ITGB1","Spleen","Peritoneal Cavity","0"
"COL9A1_ITGA10_ITGB1","Spleen","Peritoneal Cavity","0.01"
"COL9A3_ITGA10_ITGB1","Spleen","Peritoneal Cavity","0"
"COL1A1_ITGA11_ITGB1","Spleen","Peritoneal Cavity","0"
"COL4A1_ITGA11_ITGB1","Peritoneal Cavity","Peritoneal Cavity","0"
"COL4A3_ITGA11_ITGB1","Peritoneal Cavity","Peritoneal Cavity","0"
"COL4A5_ITGA11_ITGB1","Peritoneal Cavity","Peritoneal Cavity","0"
"COL4A5_ITGA11_ITGB1","Peritoneal Cavity","Spleen","0.02"
"COL4A6_ITGA11_ITGB1","Spleen","Peritoneal Cavity","0"
"COL9A1_ITGA11_ITGB1","Spleen","Peritoneal Cavity","0"
"COL9A3_ITGA11_ITGB1","Spleen","Peritoneal Cavity","0"
"DSPP_ITGAV_ITGB1","Peritoneal Cavity","Peritoneal Cavity","0"
"DSPP_ITGAV_ITGB1","Spleen","Peritoneal Cavity","0"
"VWF_ITGAV_ITGB3","Peritoneal Cavity","Peritoneal Cavity","0"
"VWF_ITGAV_ITGB3","Peritoneal Cavity","Spleen","0"
"TNN_ITGAV_ITGB3","Spleen","Spleen","0"
"TNXB_ITGAV_ITGB3","Peritoneal Cavity","Peritoneal Cavity","0"
"TNXB_ITGAV_ITGB3","Peritoneal Cavity","Spleen","0"
"THBS3_ITGAV_ITGB3","Peritoneal Cavity","Peritoneal Cavity","0"
"THBS3_ITGAV_ITGB3","Peritoneal Cavity","Spleen","0"
"VWF_ITGA2B_ITGB3","Peritoneal Cavity","Spleen","0"
"TNN_ITGA2B_ITGB3","Spleen","Spleen","0"
"TNXB_ITGA2B_ITGB3","Peritoneal Cavity","Spleen","0"
"TNN_ITGAV_ITGB6","Spleen","Peritoneal Cavity","0"
"TNN_ITGAV_ITGB6","Spleen","Spleen","0"
"TNXB_ITGAV_ITGB6","Peritoneal Cavity","Peritoneal Cavity","0"
"TNXB_ITGAV_ITGB6","Peritoneal Cavity","Spleen","0"
"DSPP_ITGAV_ITGB6",NA,NA,NA
"DSPP_ITGAV_ITGB6","DSPP_ITGAV_ITGB6","DSPP_ITGAV_ITGB6","DSPP_ITGAV_ITGB6"
"LAMA2_ITGAV_ITGB8","Spleen","Spleen","0"
"LAMA3_ITGAV_ITGB8","Peritoneal Cavity","Peritoneal Cavity","0"
"LAMA3_ITGAV_ITGB8","Peritoneal Cavity","Spleen","0"
"LAMA5_ITGAV_ITGB8","Spleen","Spleen","0"
"LAMB1_ITGAV_ITGB8","Spleen","Spleen","0"
"LAMB2_ITGAV_ITGB8","Peritoneal Cavity","Peritoneal Cavity","0"
"LAMB2_ITGAV_ITGB8","Peritoneal Cavity","Spleen","0"
"LAMB3_ITGAV_ITGB8","Spleen","Spleen","0"
"LAMC1_ITGAV_ITGB8","Peritoneal Cavity","Peritoneal Cavity","0.01"
"LAMC1_ITGAV_ITGB8","Peritoneal Cavity","Spleen","0"
"LAMC3_ITGAV_ITGB8","Spleen","Spleen","0.01"
"COL1A1_ITGAV_ITGB8","Spleen","Spleen","0"
"COL4A1_ITGAV_ITGB8","Peritoneal Cavity","Spleen","0"
"COL4A3_ITGAV_ITGB8","Peritoneal Cavity","Spleen","0.01"
"COL4A5_ITGAV_ITGB8","Peritoneal Cavity","Spleen","0"
"COL4A6_ITGAV_ITGB8","Spleen","Spleen","0"
"COL9A1_ITGAV_ITGB8","Spleen","Spleen","0"
"COL9A3_ITGAV_ITGB8","Spleen","Spleen","0"
"LAMA2_SV2A","Spleen","Spleen","0"
"LAMA3_SV2A","Peritoneal Cavity","Spleen","0"
"LAMA5_SV2A","Spleen","Spleen","0"
"LAMB1_SV2A","Spleen","Spleen","0"
"LAMB2_SV2A","Peritoneal Cavity","Spleen","0"
"LAMB3_SV2A","Spleen","Spleen","0"
"LAMC1_SV2A","Peritoneal Cavity","Spleen","0"
"LAMC3_SV2A","Spleen","Spleen","0"
"LAMA2_SV2C","Spleen","Spleen","0"
"LAMA3_SV2C","Peritoneal Cavity","Spleen","0"
"LAMA5_SV2C","Spleen","Spleen","0"
"LAMB1_SV2C","Spleen","Spleen","0"
"LAMB2_SV2C","Peritoneal Cavity","Spleen","0"
"LAMB3_SV2C","Spleen","Spleen","0"
"LAMC1_SV2C","Peritoneal Cavity","Spleen","0"
"LAMC3_SV2C","Spleen","Spleen","0"
"VWF_GP1BA_GP1BB_GP5_GP9","Peritoneal Cavity","Peritoneal Cavity","0"
"VWF_GP1BA_GP1BB_GP5_GP9","Peritoneal Cavity","Spleen","0"
"AGRN_DAG1","Peritoneal Cavity","Peritoneal Cavity","0"
"AGRN_DAG1","Spleen","Peritoneal Cavity","0"
"AGRN_DAG1","Peritoneal Cavity","Spleen","0"
"HSPG2_DAG1","Peritoneal Cavity","Peritoneal Cavity","0"
"HSPG2_DAG1","Spleen","Peritoneal Cavity","0"
"LAMA2_DAG1","Spleen","Peritoneal Cavity","0"
"LAMA3_DAG1","Peritoneal Cavity","Peritoneal Cavity","0"
"LAMA3_DAG1","Peritoneal Cavity","Spleen","0"
"LAMA5_DAG1","Spleen","Peritoneal Cavity","0"
"LAMB1_DAG1","Spleen","Peritoneal Cavity","0"
"LAMB2_DAG1","Peritoneal Cavity","Peritoneal Cavity","0"
"LAMB2_DAG1","Peritoneal Cavity","Spleen","0"
"LAMB3_DAG1","Spleen","Peritoneal Cavity","0"
"LAMB3_DAG1","Spleen","Spleen","0"
"LAMC1_DAG1","Peritoneal Cavity","Peritoneal Cavity","0"
"LAMC1_DAG1","Peritoneal Cavity","Spleen","0"
"LAMC3_DAG1","Peritoneal Cavity","Peritoneal Cavity","0.04"
"LAMC3_DAG1","Spleen","Peritoneal Cavity","0"
"ALCAM_CD6","Peritoneal Cavity","Spleen","0"
"BST2_PIRA2","Peritoneal Cavity","Peritoneal Cavity","0"
"BST2_PIRA2","Spleen","Peritoneal Cavity","0"
"CADM1_CADM1","Peritoneal Cavity","Peritoneal Cavity","0"
"CADM1_CADM1","Spleen","Peritoneal Cavity","0.01"
"CADM1_CADM1","Peritoneal Cavity","Spleen","0.01"
"CADM3_CADM3","Spleen","Spleen","0"
"CD1D2_PIRA2","Spleen","Peritoneal Cavity","0"
"CD200_CD200R1","Spleen","Peritoneal Cavity","0"
"CD200_CD200R3","Spleen","Peritoneal Cavity","0"
"CD200_CD200R3","Spleen","Spleen","0"
"CD200_CD200R4","Spleen","Peritoneal Cavity","0"
"CD200_CD200R4","Spleen","Spleen","0"
"CD226_NECTIN2","Spleen","Peritoneal Cavity","0"
"CD226_PVR","Spleen","Peritoneal Cavity","0"
"FCER2A_ITGAX_ITGB2","Spleen","Spleen","0.02"
"FCER2A_ITGAV_ITGB3","Spleen","Spleen","0"
"CD40LG_CD40","Spleen","Peritoneal Cavity","0"
"CD40LG_CD40","Spleen","Spleen","0"
"CD46_JAG1","Peritoneal Cavity","Peritoneal Cavity","0"
"CD46_JAG1","Spleen","Peritoneal Cavity","0"
"CD6_ALCAM","Spleen","Peritoneal Cavity","0"
"CD80_CD274","Peritoneal Cavity","Peritoneal Cavity","0.01"
"CD80_CD274","Peritoneal Cavity","Spleen","0"
"CD80_CD28","Peritoneal Cavity","Spleen","0"
"CD86_CD28","Peritoneal Cavity","Spleen","0"
"CD96_NECTIN1","Spleen","Peritoneal Cavity","0"
"CD96_PVR","Spleen","Peritoneal Cavity","0"
"CD1D1_CEACAM5","Spleen","Spleen","0"
"CD8A_CEACAM5","Spleen","Spleen","0"
"CLEC2D_KLRB1B","Peritoneal Cavity","Spleen","0.02"
"CLEC2D_KLRB1B","Spleen","Spleen","0"
"CLEC2G_KLRB1","Peritoneal Cavity","Spleen","0"
"CLEC2G_KLRB1","Spleen","Spleen","0.02"
"CLEC2I_KLRB1","Peritoneal Cavity","Spleen","0.02"
"CLEC2I_KLRB1","Spleen","Spleen","0"
"CLEC2G_KLRB1F","Peritoneal Cavity","Spleen","0"
"CLEC2G_KLRB1F","Spleen","Spleen","0.02"
"CLEC2I_KLRB1F","Peritoneal Cavity","Spleen","0.02"
"CLEC2I_KLRB1F","Spleen","Spleen","0"
"CNTN2_CNTN2_CNTNAP2","Spleen","Spleen","0"
"CNTN2_L1CAM","Peritoneal Cavity","Spleen","0.01"
"CNTN2_L1CAM","Spleen","Spleen","0"
"CNTN2_CNTN2","Spleen","Spleen","0"
"CNTN1_NRCAM","Peritoneal Cavity","Spleen","0.01"
"CNTN1_NRCAM","Spleen","Spleen","0"
"EFNB2_EPHA4","Peritoneal Cavity","Peritoneal Cavity","0"
"EFNB2_EPHB1","Peritoneal Cavity","Peritoneal Cavity","0"
"EFNB2_EPHB1","Peritoneal Cavity","Spleen","0"
"EFNB3_EPHA4","Peritoneal Cavity","Peritoneal Cavity","0"
"EFNB3_EPHA4","Spleen","Peritoneal Cavity","0"
"EFNB3_EPHB1","Spleen","Spleen","0"
"EFNB3_EPHB6","Spleen","Spleen","0"
"ICAM1_ITGAX_ITGB2",NA,NA,NA
"ICAM1_ITGAX_ITGB2","ICAM1_ITGAX_ITGB2","ICAM1_ITGAX_ITGB2","ICAM1_ITGAX_ITGB2"
"ICAM1_ITGAL_ITGB2",NA,NA,NA
"ICAM1_ITGAL_ITGB2","ICAM1_ITGAL_ITGB2","ICAM1_ITGAL_ITGB2","ICAM1_ITGAL_ITGB2"
"ICAM1_ITGAL_ITGB2L","Spleen","Spleen","0"
"ICAM1_ITGAM_ITGB2L","Spleen","Peritoneal Cavity","0"
"ICAM1_ITGAL","Peritoneal Cavity","Spleen","0.02"
"ICAM1_ITGAL","Spleen","Spleen","0"
"ICAM1_SPN","Spleen","Spleen","0"
"ITGB2_CD226",NA,NA,NA
"ITGB2_CD226","ITGB2_CD226","ITGB2_CD226","ITGB2_CD226"
"ITGB2_ICAM1",NA,NA,NA
"ITGB2_ICAM1","ITGB2_ICAM1","ITGB2_ICAM1","ITGB2_ICAM1"
"ITGB2L_CD226","Spleen","Spleen","0"
"ITGB2L_ICAM1","Spleen","Spleen","0"
"JAM2_ITGA3_ITGB1","Peritoneal Cavity","Peritoneal Cavity","0"
"JAM2_ITGA3_ITGB1","Peritoneal Cavity","Spleen","0"
"JAM2_ITGAV_ITGB1","Peritoneal Cavity","Peritoneal Cavity","0"
"JAM2_ITGAV_ITGB1","Peritoneal Cavity","Spleen","0"
"JAM2_JAM2","Peritoneal Cavity","Peritoneal Cavity","0"
"L1CAM_ITGAV_ITGB3","Spleen","Peritoneal Cavity","0.04"
"L1CAM_ITGAV_ITGB3","Spleen","Spleen","0"
"L1CAM_L1CAM","Spleen","Spleen","0"
"LAIR1_PIRA2","Peritoneal Cavity","Peritoneal Cavity","0"
"LAIR1_PIRA2","Spleen","Peritoneal Cavity","0"
"LCK_CD8A_CD8B1","Spleen","Spleen","0"
"MAG_MAG","Spleen","Peritoneal Cavity","0"
"MAG_MAG","Peritoneal Cavity","Spleen","0"
"MAG_MAG","Spleen","Spleen","0.02"
"H2-M3_CD8A","Spleen","Spleen","0"
"H2-M9_CD8A","Spleen","Spleen","0"
"H2-Q10_CD8A","Spleen","Spleen","0"
"H2-Q2_CD8A","Spleen","Spleen","0"
"H2-Q7_CD8A","Spleen","Spleen","0"
"H2-T22_CD8A","Spleen","Spleen","0"
"H2-M1_CD8A","Spleen","Spleen","0"
"H2-T10_CD8A","Spleen","Spleen","0"
"H2-Q6_CD8A","Spleen","Peritoneal Cavity","0.04"
"H2-Q6_CD8A","Spleen","Spleen","0"
"GM10499_CD8A","Peritoneal Cavity","Peritoneal Cavity","0"
"GM10499_CD8A","Peritoneal Cavity","Spleen","0"
"H2-Q4_CD8A","Spleen","Spleen","0"
"H2-T-PS_CD8A","Spleen","Spleen","0"
"GM7030_CD8A","Spleen","Spleen","0"
"H2-M3_CD8B1","Spleen","Spleen","0"
"H2-M9_CD8B1","Spleen","Spleen","0"
"H2-Q10_CD8B1","Spleen","Spleen","0"
"H2-Q2_CD8B1","Spleen","Spleen","0"
"H2-Q7_CD8B1","Spleen","Spleen","0"
"H2-T22_CD8B1","Spleen","Spleen","0"
"H2-M1_CD8B1","Spleen","Spleen","0"
"H2-T10_CD8B1","Spleen","Spleen","0"
"H2-Q6_CD8B1","Spleen","Spleen","0"
"GM10499_CD8B1","Peritoneal Cavity","Spleen","0"
"H2-Q4_CD8B1","Spleen","Spleen","0"
"H2-T-PS_CD8B1","Spleen","Spleen","0"
"GM7030_CD8B1","Spleen","Spleen","0"
"ULBP1_KLRK1","Peritoneal Cavity","Spleen","0"
"ULBP1_KLRK1","Spleen","Spleen","0.02"
"H2-AA_CD4","Spleen","Spleen","0"
"H2-EB1_CD4","Spleen","Spleen","0"
"H2-DMA_CD4","Peritoneal Cavity","Spleen","0.03"
"H2-DMA_CD4","Spleen","Spleen","0"
"H2-DMB1_CD4","Peritoneal Cavity","Spleen","0.02"
"H2-DMB1_CD4","Spleen","Spleen","0"
"H2-DMB2_CD4","Spleen","Spleen","0"
"H2-OA_CD4","Spleen","Spleen","0"
"H2-OB_CD4","Spleen","Spleen","0"
"NECTIN1_CADM3","Peritoneal Cavity","Peritoneal Cavity","0"
"NECTIN1_CADM3","Peritoneal Cavity","Spleen","0"
"NECTIN1_CD96","Peritoneal Cavity","Spleen","0"
"NECTIN1_NECTIN4","Peritoneal Cavity","Peritoneal Cavity","0"
"NECTIN1_NECTIN4","Spleen","Peritoneal Cavity","0"
"NECTIN2_CD226","Peritoneal Cavity","Spleen","0"
"NECTIN2_TIGIT","Peritoneal Cavity","Spleen","0"
"ULBP1_KLRK1_HCST","Peritoneal Cavity","Spleen","0"
"ULBP1_KLRK1_HCST","Spleen","Spleen","0.02"
"DLL1_NOTCH3","Spleen","Peritoneal Cavity","0.04"
"DLL1_NOTCH3","Spleen","Spleen","0"
"DLL1_NOTCH4","Spleen","Spleen","0"
"JAG1_NOTCH3","Peritoneal Cavity","Peritoneal Cavity","0"
"JAG1_NOTCH3","Peritoneal Cavity","Spleen","0"
"JAG1_NOTCH4","Peritoneal Cavity","Peritoneal Cavity","0"
"JAG1_NOTCH4","Peritoneal Cavity","Spleen","0"
"JAG2_NOTCH3","Spleen","Peritoneal Cavity","0.01"
"JAG2_NOTCH3","Spleen","Spleen","0"
"JAG2_NOTCH4","Spleen","Spleen","0"
"NRXN1_NLGN1","Spleen","Spleen","0"
"NRXN1_NLGN2","Spleen","Spleen","0"
"NRXN1_NLGN3","Spleen","Spleen","0"
"NRXN3_NLGN1","Spleen","Spleen","0"
"NRXN3_NLGN2","Spleen","Spleen","0"
"NRXN3_NLGN3","Spleen","Spleen","0"
"OCLN_OCLN","Peritoneal Cavity","Peritoneal Cavity","0"
"CD274_PDCD1","Spleen","Spleen","0"
"PDCD1LG2_PDCD1","Spleen","Spleen","0"
"PECAM1_PECAM1","Spleen","Spleen","0"
"PTPRM_PTPRM","Peritoneal Cavity","Peritoneal Cavity","0"
"PVR_CD226","Peritoneal Cavity","Spleen","0"
"PVR_TIGIT","Peritoneal Cavity","Spleen","0"
"PVR_TIGIT","Spleen","Spleen","0.01"
"SELE_GLG1","Spleen","Peritoneal Cavity","0"
"SELE_GLG1","Spleen","Spleen","0"
"SELL_GLYCAM1","Spleen","Peritoneal Cavity","0"
"SELL_GLYCAM1","Spleen","Spleen","0"
"SELL_MADCAM1","Spleen","Peritoneal Cavity","0"
"SELL_MADCAM1","Spleen","Spleen","0"
"SEMA4A_NRP1_PLXNA1","Peritoneal Cavity","Peritoneal Cavity","0"
"SEMA4A_NRP1_PLXNA1","Spleen","Peritoneal Cavity","0"
"SEMA4A_NRP1_PLXNA2","Spleen","Peritoneal Cavity","0"
"SEMA4A_NRP1_PLXNA3","Spleen","Peritoneal Cavity","0"
"SEMA4A_NRP1_PLXNA4","Peritoneal Cavity","Peritoneal Cavity","0"
"SEMA4A_NRP1_PLXNA4","Spleen","Peritoneal Cavity","0"
"SEMA4A_PLXNB1","Spleen","Spleen","0"
"SEMA4A_PLXNB3","Spleen","Peritoneal Cavity","0"
"SEMA4D_PLXNB1","Spleen","Spleen","0"
"SEMA4D_PLXNB3","Spleen","Peritoneal Cavity","0"
"SEMA4D_CD72","Spleen","Spleen","0"
"SEMA5A_PLXNA1","Peritoneal Cavity","Peritoneal Cavity","0"
"SEMA5A_PLXNA1","Spleen","Peritoneal Cavity","0"
"SEMA5A_PLXNA3","Peritoneal Cavity","Spleen","0"
"SEMA5A_PLXNB3","Peritoneal Cavity","Peritoneal Cavity","0"
"SEMA5A_PLXNB3","Spleen","Peritoneal Cavity","0"
"SEMA6D_PLXNA1_KDR","Peritoneal Cavity","Peritoneal Cavity","0"
"SEMA6D_PLXNA1_KDR","Peritoneal Cavity","Spleen","0"
"SEMA6D_PLXNA1_TREM2","Peritoneal Cavity","Peritoneal Cavity","0"
"SEMA6D_PLXNA1_TREM2","Spleen","Peritoneal Cavity","0"
"SEMA6D_PLXNA1","Peritoneal Cavity","Peritoneal Cavity","0"
"SEMA6D_PLXNA1","Spleen","Peritoneal Cavity","0"
"SEMA6A_PLXNA2","Spleen","Peritoneal Cavity","0"
"SEMA6B_PLXNA2","Peritoneal Cavity","Peritoneal Cavity","0"
"SEMA6B_PLXNA2","Peritoneal Cavity","Spleen","0"
"SEMA6A_PLXNA4","Peritoneal Cavity","Peritoneal Cavity","0.01"
"SEMA6A_PLXNA4","Spleen","Peritoneal Cavity","0"
"SEMA6B_PLXNA4","Peritoneal Cavity","Peritoneal Cavity","0"
"SEMA7A_PLXNC1","Spleen","Peritoneal Cavity","0.01"
"SEMA7A_PLXNC1","Spleen","Spleen","0"
"SIGLEC1_SPN","Peritoneal Cavity","Spleen","0"
"THY1_ITGAX_ITGB2",NA,NA,NA
"THY1_ITGAX_ITGB2","THY1_ITGAX_ITGB2","THY1_ITGAX_ITGB2","THY1_ITGAX_ITGB2"
"THY1_ITGAV_ITGB3","Spleen","Spleen","0.01"
"TIGIT_NECTIN2","Spleen","Peritoneal Cavity","0"
"TIGIT_PVR","Spleen","Peritoneal Cavity","0"
"TIGIT_PVR","Spleen","Spleen","0.01"
