"","interaction_name","pathway_name","ligand","receptor","agonist","antagonist","co_A_receptor","co_I_receptor","evidence","annotation","interaction_name_2"
"TGFB3_ACVR1C_TGFBR2","TGFB3_ACVR1C_TGFBR2","TGFb","Tgfb3","ACVR1C_TGFbR2","TGFb agonist","TGFb antagonist","","TGFb inhibition receptor","PMID: 27449815","Secreted Signaling","Tgfb3  - (Acvr1c+Tgfbr2)"
"TGFB3_ACVR1_TGFBR1","TGFB3_ACVR1_TGFBR1","TGFb","Tgfb3","ACVR1_TGFbR","","","","","PMID: 29376829","Secreted Signaling","Tgfb3  - (Acvr1+Tgfbr1)"
"BMP4_BMPR1A_ACVR2A","BMP4_BMPR1A_ACVR2A","BMP","Bmp4","BMPR1A_ACVR2A","","BMP antagonist","","BMP inhibition receptor","KEGG: mmu04350; PMID:26893264","Secreted Signaling","Bmp4  - (Bmpr1a+Acvr2a)"
"BMP4_BMPR1A_ACVR2B","BMP4_BMPR1A_ACVR2B","BMP","Bmp4","BMPR1A_ACVR2B","","BMP antagonist","","BMP inhibition receptor","KEGG: mmu04350; PMID:26893264","Secreted Signaling","Bmp4  - (Bmpr1a+Acvr2b)"
"BMP4_BMPR1A_BMPR2","BMP4_BMPR1A_BMPR2","BMP","Bmp4","BMPR1A_BMPR2","","BMP antagonist","","BMP inhibition receptor","KEGG: mmu04350; PMID:26893264","Secreted Signaling","Bmp4  - (Bmpr1a+Bmpr2)"
"BMP4_BMPR1B_ACVR2A","BMP4_BMPR1B_ACVR2A","BMP","Bmp4","BMPR1B_ACVR2A","","BMP antagonist","","BMP inhibition receptor","KEGG: mmu04350; PMID:26893264","Secreted Signaling","Bmp4  - (Bmpr1b+Acvr2a)"
"BMP4_BMPR1B_ACVR2B","BMP4_BMPR1B_ACVR2B","BMP","Bmp4","BMPR1B_ACVR2B","","BMP antagonist","","BMP inhibition receptor","KEGG: mmu04350; PMID:26893264","Secreted Signaling","Bmp4  - (Bmpr1b+Acvr2b)"
"BMP4_BMPR1B_BMPR2","BMP4_BMPR1B_BMPR2","BMP","Bmp4","BMPR1B_BMPR2","","BMP antagonist","","BMP inhibition receptor","KEGG: mmu04350; PMID:26893264","Secreted Signaling","Bmp4  - (Bmpr1b+Bmpr2)"
"BMP15_BMPR1B_BMPR2","BMP15_BMPR1B_BMPR2","BMP","Bmp15","BMPR1B_BMPR2","","BMP antagonist","","BMP inhibition receptor","KEGG: mmu04350; PMID:26893264","Secreted Signaling","Bmp15  - (Bmpr1b+Bmpr2)"
"BMP6_ACVR1_ACVR2A","BMP6_ACVR1_ACVR2A","BMP","Bmp6","ACVR1_ACVR2A","","BMP antagonist","","BMP inhibition receptor","KEGG: mmu04350; PMID:26893264","Secreted Signaling","Bmp6  - (Acvr1+Acvr2a)"
"BMP6_ACVR1_ACVR2B","BMP6_ACVR1_ACVR2B","BMP","Bmp6","ACVR1_ACVR2B","","BMP antagonist","","BMP inhibition receptor","KEGG: mmu04350; PMID:26893264","Secreted Signaling","Bmp6  - (Acvr1+Acvr2b)"
"BMP6_ACVR1_BMPR2","BMP6_ACVR1_BMPR2","BMP","Bmp6","ACVR1_BMPR2","","BMP antagonist","","BMP inhibition receptor","KEGG: mmu04350; PMID:26893264","Secreted Signaling","Bmp6  - (Acvr1+Bmpr2)"
"BMP6_BMPR1A_ACVR2A","BMP6_BMPR1A_ACVR2A","BMP","Bmp6","BMPR1A_ACVR2A","","BMP antagonist","","BMP inhibition receptor","KEGG: mmu04350; PMID:26893264","Secreted Signaling","Bmp6  - (Bmpr1a+Acvr2a)"
"BMP6_BMPR1A_ACVR2B","BMP6_BMPR1A_ACVR2B","BMP","Bmp6","BMPR1A_ACVR2B","","BMP antagonist","","BMP inhibition receptor","KEGG: mmu04350; PMID:26893264","Secreted Signaling","Bmp6  - (Bmpr1a+Acvr2b)"
"BMP6_BMPR1A_BMPR2","BMP6_BMPR1A_BMPR2","BMP","Bmp6","BMPR1A_BMPR2","","BMP antagonist","","BMP inhibition receptor","KEGG: mmu04350; PMID:26893264","Secreted Signaling","Bmp6  - (Bmpr1a+Bmpr2)"
"BMP6_BMPR1B_ACVR2A","BMP6_BMPR1B_ACVR2A","BMP","Bmp6","BMPR1B_ACVR2A","","BMP antagonist","","BMP inhibition receptor","KEGG: mmu04350; PMID:26893264","Secreted Signaling","Bmp6  - (Bmpr1b+Acvr2a)"
"BMP6_BMPR1B_ACVR2B","BMP6_BMPR1B_ACVR2B","BMP","Bmp6","BMPR1B_ACVR2B","","BMP antagonist","","BMP inhibition receptor","KEGG: mmu04350; PMID:26893264","Secreted Signaling","Bmp6  - (Bmpr1b+Acvr2b)"
"BMP6_BMPR1B_BMPR2","BMP6_BMPR1B_BMPR2","BMP","Bmp6","BMPR1B_BMPR2","","BMP antagonist","","BMP inhibition receptor","KEGG: mmu04350; PMID:26893264","Secreted Signaling","Bmp6  - (Bmpr1b+Bmpr2)"
"BMP7_ACVR1_ACVR2A","BMP7_ACVR1_ACVR2A","BMP","Bmp7","ACVR1_ACVR2A","","BMP antagonist","","BMP inhibition receptor","KEGG: mmu04350; PMID:26893264","Secreted Signaling","Bmp7  - (Acvr1+Acvr2a)"
"BMP7_ACVR1_ACVR2B","BMP7_ACVR1_ACVR2B","BMP","Bmp7","ACVR1_ACVR2B","","BMP antagonist","","BMP inhibition receptor","KEGG: mmu04350; PMID:26893264","Secreted Signaling","Bmp7  - (Acvr1+Acvr2b)"
"BMP7_ACVR1_BMPR2","BMP7_ACVR1_BMPR2","BMP","Bmp7","ACVR1_BMPR2","","BMP antagonist","","BMP inhibition receptor","KEGG: mmu04350; PMID:26893264","Secreted Signaling","Bmp7  - (Acvr1+Bmpr2)"
"BMP7_BMPR1A_ACVR2A","BMP7_BMPR1A_ACVR2A","BMP","Bmp7","BMPR1A_ACVR2A","","BMP antagonist","","BMP inhibition receptor","KEGG: mmu04350; PMID:26893264","Secreted Signaling","Bmp7  - (Bmpr1a+Acvr2a)"
"BMP7_BMPR1A_ACVR2B","BMP7_BMPR1A_ACVR2B","BMP","Bmp7","BMPR1A_ACVR2B","","BMP antagonist","","BMP inhibition receptor","KEGG: mmu04350; PMID:26893264","Secreted Signaling","Bmp7  - (Bmpr1a+Acvr2b)"
"BMP7_BMPR1A_BMPR2","BMP7_BMPR1A_BMPR2","BMP","Bmp7","BMPR1A_BMPR2","","BMP antagonist","","BMP inhibition receptor","KEGG: mmu04350; PMID:26893264","Secreted Signaling","Bmp7  - (Bmpr1a+Bmpr2)"
"BMP7_BMPR1B_ACVR2A","BMP7_BMPR1B_ACVR2A","BMP","Bmp7","BMPR1B_ACVR2A","","BMP antagonist","","BMP inhibition receptor","KEGG: mmu04350; PMID:26893264","Secreted Signaling","Bmp7  - (Bmpr1b+Acvr2a)"
"BMP7_BMPR1B_ACVR2B","BMP7_BMPR1B_ACVR2B","BMP","Bmp7","BMPR1B_ACVR2B","","BMP antagonist","","BMP inhibition receptor","KEGG: mmu04350; PMID:26893264","Secreted Signaling","Bmp7  - (Bmpr1b+Acvr2b)"
"BMP7_BMPR1B_BMPR2","BMP7_BMPR1B_BMPR2","BMP","Bmp7","BMPR1B_BMPR2","","BMP antagonist","","BMP inhibition receptor","KEGG: mmu04350; PMID:26893264","Secreted Signaling","Bmp7  - (Bmpr1b+Bmpr2)"
"BMP8B_ACVR1_ACVR2A","BMP8B_ACVR1_ACVR2A","BMP","Bmp8b","ACVR1_ACVR2A","","BMP antagonist","","BMP inhibition receptor","KEGG: mmu04350; PMID:26893264","Secreted Signaling","Bmp8b  - (Acvr1+Acvr2a)"
"BMP8B_ACVR1_ACVR2B","BMP8B_ACVR1_ACVR2B","BMP","Bmp8b","ACVR1_ACVR2B","","BMP antagonist","","BMP inhibition receptor","KEGG: mmu04350; PMID:26893264","Secreted Signaling","Bmp8b  - (Acvr1+Acvr2b)"
"BMP8B_ACVR1_BMPR2","BMP8B_ACVR1_BMPR2","BMP","Bmp8b","ACVR1_BMPR2","","BMP antagonist","","BMP inhibition receptor","KEGG: mmu04350; PMID:26893264","Secreted Signaling","Bmp8b  - (Acvr1+Bmpr2)"
"BMP8B_BMPR1A_ACVR2A","BMP8B_BMPR1A_ACVR2A","BMP","Bmp8b","BMPR1A_ACVR2A","","BMP antagonist","","BMP inhibition receptor","KEGG: mmu04350; PMID:26893264","Secreted Signaling","Bmp8b  - (Bmpr1a+Acvr2a)"
"BMP8B_BMPR1A_ACVR2B","BMP8B_BMPR1A_ACVR2B","BMP","Bmp8b","BMPR1A_ACVR2B","","BMP antagonist","","BMP inhibition receptor","KEGG: mmu04350; PMID:26893264","Secreted Signaling","Bmp8b  - (Bmpr1a+Acvr2b)"
"BMP8B_BMPR1A_BMPR2","BMP8B_BMPR1A_BMPR2","BMP","Bmp8b","BMPR1A_BMPR2","","BMP antagonist","","BMP inhibition receptor","KEGG: mmu04350; PMID:26893264","Secreted Signaling","Bmp8b  - (Bmpr1a+Bmpr2)"
"BMP8B_BMPR1B_ACVR2A","BMP8B_BMPR1B_ACVR2A","BMP","Bmp8b","BMPR1B_ACVR2A","","BMP antagonist","","BMP inhibition receptor","KEGG: mmu04350; PMID:26893264","Secreted Signaling","Bmp8b  - (Bmpr1b+Acvr2a)"
"BMP8B_BMPR1B_ACVR2B","BMP8B_BMPR1B_ACVR2B","BMP","Bmp8b","BMPR1B_ACVR2B","","BMP antagonist","","BMP inhibition receptor","KEGG: mmu04350; PMID:26893264","Secreted Signaling","Bmp8b  - (Bmpr1b+Acvr2b)"
"BMP8B_BMPR1B_BMPR2","BMP8B_BMPR1B_BMPR2","BMP","Bmp8b","BMPR1B_BMPR2","","BMP antagonist","","BMP inhibition receptor","KEGG: mmu04350; PMID:26893264","Secreted Signaling","Bmp8b  - (Bmpr1b+Bmpr2)"
"BMP10_ACVRL1_ACVR2A","BMP10_ACVRL1_ACVR2A","BMP10","Bmp10","ACVRL1_ACVR2A","","","BMP10 activation receptor","","KEGG: mmu04350; PMID:26893264; PMID: 25620979","Secreted Signaling","Bmp10  - (Acvrl1+Acvr2a)"
"GDF2_ACVRL1_ACVR2A","GDF2_ACVRL1_ACVR2A","BMP10","Gdf2","ACVRL1_ACVR2A","","","BMP10 activation receptor","","KEGG: mmu04350; PMID:26893264","Secreted Signaling","Gdf2  - (Acvrl1+Acvr2a)"
"GDF10_ACVR1B_ACVR2A","GDF10_ACVR1B_ACVR2A","GDF","Gdf10","ACVR1B_ACVR2A","","","","","KEGG: mmu04350","Secreted Signaling","Gdf10  - (Acvr1b+Acvr2a)"
"GDF11_TGFBR1_ACVR2A","GDF11_TGFBR1_ACVR2A","GDF","Gdf11","TGFBR1_ACVR2A","","","","","KEGG: mmu04350","Secreted Signaling","Gdf11  - (Tgfbr1+Acvr2a)"
"GDF11_TGFBR1_ACVR2B","GDF11_TGFBR1_ACVR2B","GDF","Gdf11","TGFBR1_ACVR2B","","","","","KEGG: mmu04350","Secreted Signaling","Gdf11  - (Tgfbr1+Acvr2b)"
"GDF11_ACVR1B_ACVR2B","GDF11_ACVR1B_ACVR2B","GDF","Gdf11","ACVR1B_ACVR2B","","","","","KEGG: mmu04350","Secreted Signaling","Gdf11  - (Acvr1b+Acvr2b)"
"MSTN_TGFBR1_ACVR2B","MSTN_TGFBR1_ACVR2B","MSTN","Mstn","TGFBR1_ACVR2B","","","","","KEGG: mmu04060","Secreted Signaling","Mstn  - (Tgfbr1+Acvr2b)"
"MSTN_ACVR1B_ACVR2B","MSTN_ACVR1B_ACVR2B","MSTN","Mstn","ACVR1B_ACVR2B","","","","","KEGG: mmu04060","Secreted Signaling","Mstn  - (Acvr1b+Acvr2b)"
"MSTN_ACVR1B_ACVR2A","MSTN_ACVR1B_ACVR2A","MSTN","Mstn","ACVR1B_ACVR2A","","","","","KEGG: mmu04060","Secreted Signaling","Mstn  - (Acvr1b+Acvr2a)"
"MSTN_TGFBR1_ACVR2A","MSTN_TGFBR1_ACVR2A","MSTN","Mstn","TGFBR1_ACVR2A","","","","","KEGG: mmu04060","Secreted Signaling","Mstn  - (Tgfbr1+Acvr2a)"
"AMH_AMHR2_ACVR1","AMH_AMHR2_ACVR1","AMH","Amh","AMHR2_ACVR1","","","","","KEGG: mmu04060","Secreted Signaling","Amh  - (Amhr2+Acvr1)"
"AMH_AMHR2_BMPR1A","AMH_AMHR2_BMPR1A","AMH","Amh","AMHR2_BMPR1A","","","","","KEGG: mmu04060","Secreted Signaling","Amh  - (Amhr2+Bmpr1a)"
"PSPN_GFRA4","PSPN_GFRA4","GDNF","Pspn","GFRA4_RET","","","","","PMID: 11544105","Secreted Signaling","Pspn  - Gfra4"
"INHBB_ACVR1B_ACVR2A","INHBB_ACVR1B_ACVR2A","ACTIVIN","Inhbb","ACVR1B_ACVR2A","","ACTIVIN antagonist","","ACTIVIN inhibition receptor","KEGG: mmu04350","Secreted Signaling","Inhbb  - (Acvr1b+Acvr2a)"
"INHBB_ACVR1B_ACVR2B","INHBB_ACVR1B_ACVR2B","ACTIVIN","Inhbb","ACVR1B_ACVR2B","","ACTIVIN antagonist","","ACTIVIN inhibition receptor","KEGG: mmu04350","Secreted Signaling","Inhbb  - (Acvr1b+Acvr2b)"
"INHBB_ACVR1C_ACVR2A","INHBB_ACVR1C_ACVR2A","ACTIVIN","Inhbb","ACVR1C_ACVR2A","","ACTIVIN antagonist","","ACTIVIN inhibition receptor","KEGG: mmu04350","Secreted Signaling","Inhbb  - (Acvr1c+Acvr2a)"
"INHBB_ACVR1C_ACVR2B","INHBB_ACVR1C_ACVR2B","ACTIVIN","Inhbb","ACVR1C_ACVR2B","","ACTIVIN antagonist","","ACTIVIN inhibition receptor","KEGG: mmu04350","Secreted Signaling","Inhbb  - (Acvr1c+Acvr2b)"
"INHBABB_ACVR1B_ACVR2A","INHBABB_ACVR1B_ACVR2A","ACTIVIN","Activin AB","ACVR1B_ACVR2A","","ACTIVIN antagonist","","ACTIVIN inhibition receptor","PMID: 2457849; PMID: 22991378","Secreted Signaling","Inhbabb  - (Acvr1b+Acvr2a)"
"INHBABB_ACVR1B_ACVR2B","INHBABB_ACVR1B_ACVR2B","ACTIVIN","Activin AB","ACVR1B_ACVR2B","","ACTIVIN antagonist","","ACTIVIN inhibition receptor","PMID: 2457849; PMID: 22991378","Secreted Signaling","Inhbabb  - (Acvr1b+Acvr2b)"
"INHBABB_ACVR1C_ACVR2A","INHBABB_ACVR1C_ACVR2A","ACTIVIN","Activin AB","ACVR1C_ACVR2A","","ACTIVIN antagonist","","ACTIVIN inhibition receptor","PMID: 2457849; PMID: 22991378","Secreted Signaling","Inhbabb  - (Acvr1c+Acvr2a)"
"INHB_ACVR1C_ACVR2B","INHB_ACVR1C_ACVR2B","ACTIVIN","Activin AB","ACVR1C_ACVR2B","","ACTIVIN antagonist","","ACTIVIN inhibition receptor","PMID: 2457849; PMID: 22991378","Secreted Signaling","Inhb  - (Acvr1c+Acvr2b)"
"INHABA_ACVR2A","INHABA_ACVR2A","ACTIVIN","Inhibin A","Acvr2a","","ACTIVIN antagonist","","ACTIVIN inhibition receptor","PMID: 15027884","Secreted Signaling","Inhaba  - Acvr2a"
"INHABB_ACVR2B","INHABB_ACVR2B","ACTIVIN","Inhibin B","Acvr2b","","ACTIVIN antagonist","","ACTIVIN inhibition receptor","PMID: 15027884","Secreted Signaling","Inhabb  - Acvr2b"
"WNT10B_FZD1_LRP5","WNT10B_FZD1_LRP5","WNT","Wnt10b","FZD1_LRP5","WNT agonist","WNT antagonist","WNT activation receptor","WNT inhibition receptor","KEGG: mmu04310; PMID: 23209147","Secreted Signaling","Wnt10b  - (Fzd1+Lrp5)"
"WNT10B_FZD10_LRP5","WNT10B_FZD10_LRP5","WNT","Wnt10b","FZD10_LRP5","WNT agonist","WNT antagonist","WNT activation receptor","WNT inhibition receptor","KEGG: mmu04310; PMID: 23209147","Secreted Signaling","Wnt10b  - (Fzd10+Lrp5)"
"WNT10B_FZD2_LRP5","WNT10B_FZD2_LRP5","WNT","Wnt10b","FZD2_LRP5","WNT agonist","WNT antagonist","WNT activation receptor","WNT inhibition receptor","KEGG: mmu04310; PMID: 23209147","Secreted Signaling","Wnt10b  - (Fzd2+Lrp5)"
"WNT10B_FZD3_LRP5","WNT10B_FZD3_LRP5","WNT","Wnt10b","FZD3_LRP5","WNT agonist","WNT antagonist","WNT activation receptor","WNT inhibition receptor","KEGG: mmu04310; PMID: 23209147","Secreted Signaling","Wnt10b  - (Fzd3+Lrp5)"
"WNT10B_FZD4_LRP5","WNT10B_FZD4_LRP5","WNT","Wnt10b","FZD4_LRP5","WNT agonist","WNT antagonist","WNT activation receptor","WNT inhibition receptor","KEGG: mmu04310; PMID: 23209147","Secreted Signaling","Wnt10b  - (Fzd4+Lrp5)"
"WNT10B_FZD5_LRP5","WNT10B_FZD5_LRP5","WNT","Wnt10b","FZD5_LRP5","WNT agonist","WNT antagonist","WNT activation receptor","WNT inhibition receptor","KEGG: mmu04310; PMID: 23209147","Secreted Signaling","Wnt10b  - (Fzd5+Lrp5)"
"WNT10B_FZD6_LRP5","WNT10B_FZD6_LRP5","WNT","Wnt10b","FZD6_LRP5","WNT agonist","WNT antagonist","WNT activation receptor","WNT inhibition receptor","KEGG: mmu04310; PMID: 23209147","Secreted Signaling","Wnt10b  - (Fzd6+Lrp5)"
"WNT10B_FZD7_LRP5","WNT10B_FZD7_LRP5","WNT","Wnt10b","FZD7_LRP5","WNT agonist","WNT antagonist","WNT activation receptor","WNT inhibition receptor","KEGG: mmu04310; PMID: 23209147","Secreted Signaling","Wnt10b  - (Fzd7+Lrp5)"
"WNT10B_FZD8_LRP5","WNT10B_FZD8_LRP5","WNT","Wnt10b","FZD8_LRP5","WNT agonist","WNT antagonist","WNT activation receptor","WNT inhibition receptor","KEGG: mmu04310; PMID: 23209147","Secreted Signaling","Wnt10b  - (Fzd8+Lrp5)"
"WNT10B_FZD9_LRP5","WNT10B_FZD9_LRP5","WNT","Wnt10b","FZD9_LRP5","WNT agonist","WNT antagonist","WNT activation receptor","WNT inhibition receptor","KEGG: mmu04310; PMID: 23209147","Secreted Signaling","Wnt10b  - (Fzd9+Lrp5)"
"WNT16_FZD1_LRP5","WNT16_FZD1_LRP5","WNT","Wnt16","FZD1_LRP5","WNT agonist","WNT antagonist","WNT activation receptor","WNT inhibition receptor","KEGG: mmu04310; PMID: 23209147","Secreted Signaling","Wnt16  - (Fzd1+Lrp5)"
"WNT16_FZD10_LRP5","WNT16_FZD10_LRP5","WNT","Wnt16","FZD10_LRP5","WNT agonist","WNT antagonist","WNT activation receptor","WNT inhibition receptor","KEGG: mmu04310; PMID: 23209147","Secreted Signaling","Wnt16  - (Fzd10+Lrp5)"
"WNT16_FZD2_LRP5","WNT16_FZD2_LRP5","WNT","Wnt16","FZD2_LRP5","WNT agonist","WNT antagonist","WNT activation receptor","WNT inhibition receptor","KEGG: mmu04310; PMID: 23209147","Secreted Signaling","Wnt16  - (Fzd2+Lrp5)"
"WNT16_FZD3_LRP5","WNT16_FZD3_LRP5","WNT","Wnt16","FZD3_LRP5","WNT agonist","WNT antagonist","WNT activation receptor","WNT inhibition receptor","KEGG: mmu04310; PMID: 23209147","Secreted Signaling","Wnt16  - (Fzd3+Lrp5)"
"WNT16_FZD4_LRP5","WNT16_FZD4_LRP5","WNT","Wnt16","FZD4_LRP5","WNT agonist","WNT antagonist","WNT activation receptor","WNT inhibition receptor","KEGG: mmu04310; PMID: 23209147","Secreted Signaling","Wnt16  - (Fzd4+Lrp5)"
"WNT16_FZD5_LRP5","WNT16_FZD5_LRP5","WNT","Wnt16","FZD5_LRP5","WNT agonist","WNT antagonist","WNT activation receptor","WNT inhibition receptor","KEGG: mmu04310; PMID: 23209147","Secreted Signaling","Wnt16  - (Fzd5+Lrp5)"
"WNT16_FZD6_LRP5","WNT16_FZD6_LRP5","WNT","Wnt16","FZD6_LRP5","WNT agonist","WNT antagonist","WNT activation receptor","WNT inhibition receptor","KEGG: mmu04310; PMID: 23209147","Secreted Signaling","Wnt16  - (Fzd6+Lrp5)"
"WNT16_FZD7_LRP5","WNT16_FZD7_LRP5","WNT","Wnt16","FZD7_LRP5","WNT agonist","WNT antagonist","WNT activation receptor","WNT inhibition receptor","KEGG: mmu04310; PMID: 23209147","Secreted Signaling","Wnt16  - (Fzd7+Lrp5)"
"WNT16_FZD8_LRP5","WNT16_FZD8_LRP5","WNT","Wnt16","FZD8_LRP5","WNT agonist","WNT antagonist","WNT activation receptor","WNT inhibition receptor","KEGG: mmu04310; PMID: 23209147","Secreted Signaling","Wnt16  - (Fzd8+Lrp5)"
"WNT16_FZD9_LRP5","WNT16_FZD9_LRP5","WNT","Wnt16","FZD9_LRP5","WNT agonist","WNT antagonist","WNT activation receptor","WNT inhibition receptor","KEGG: mmu04310; PMID: 23209147","Secreted Signaling","Wnt16  - (Fzd9+Lrp5)"
"WNT3A_FZD1_LRP5","WNT3A_FZD1_LRP5","WNT","Wnt3a","FZD1_LRP5","WNT agonist","WNT antagonist","WNT activation receptor","WNT inhibition receptor","KEGG: mmu04310; PMID: 23209147","Secreted Signaling","Wnt3a  - (Fzd1+Lrp5)"
"WNT3A_FZD10_LRP5","WNT3A_FZD10_LRP5","WNT","Wnt3a","FZD10_LRP5","WNT agonist","WNT antagonist","WNT activation receptor","WNT inhibition receptor","KEGG: mmu04310; PMID: 23209147","Secreted Signaling","Wnt3a  - (Fzd10+Lrp5)"
"WNT3A_FZD2_LRP5","WNT3A_FZD2_LRP5","WNT","Wnt3a","FZD2_LRP5","WNT agonist","WNT antagonist","WNT activation receptor","WNT inhibition receptor","KEGG: mmu04310; PMID: 23209147","Secreted Signaling","Wnt3a  - (Fzd2+Lrp5)"
"WNT3A_FZD3_LRP5","WNT3A_FZD3_LRP5","WNT","Wnt3a","FZD3_LRP5","WNT agonist","WNT antagonist","WNT activation receptor","WNT inhibition receptor","KEGG: mmu04310; PMID: 23209147","Secreted Signaling","Wnt3a  - (Fzd3+Lrp5)"
"WNT3A_FZD4_LRP5","WNT3A_FZD4_LRP5","WNT","Wnt3a","FZD4_LRP5","WNT agonist","WNT antagonist","WNT activation receptor","WNT inhibition receptor","KEGG: mmu04310; PMID: 23209147","Secreted Signaling","Wnt3a  - (Fzd4+Lrp5)"
"WNT3A_FZD5_LRP5","WNT3A_FZD5_LRP5","WNT","Wnt3a","FZD5_LRP5","WNT agonist","WNT antagonist","WNT activation receptor","WNT inhibition receptor","KEGG: mmu04310; PMID: 23209147","Secreted Signaling","Wnt3a  - (Fzd5+Lrp5)"
"WNT3A_FZD6_LRP5","WNT3A_FZD6_LRP5","WNT","Wnt3a","FZD6_LRP5","WNT agonist","WNT antagonist","WNT activation receptor","WNT inhibition receptor","KEGG: mmu04310; PMID: 23209147","Secreted Signaling","Wnt3a  - (Fzd6+Lrp5)"
"WNT3A_FZD7_LRP5","WNT3A_FZD7_LRP5","WNT","Wnt3a","FZD7_LRP5","WNT agonist","WNT antagonist","WNT activation receptor","WNT inhibition receptor","KEGG: mmu04310; PMID: 23209147","Secreted Signaling","Wnt3a  - (Fzd7+Lrp5)"
"WNT3A_FZD8_LRP5","WNT3A_FZD8_LRP5","WNT","Wnt3a","FZD8_LRP5","WNT agonist","WNT antagonist","WNT activation receptor","WNT inhibition receptor","KEGG: mmu04310; PMID: 23209147","Secreted Signaling","Wnt3a  - (Fzd8+Lrp5)"
"WNT3A_FZD9_LRP5","WNT3A_FZD9_LRP5","WNT","Wnt3a","FZD9_LRP5","WNT agonist","WNT antagonist","WNT activation receptor","WNT inhibition receptor","KEGG: mmu04310; PMID: 23209147","Secreted Signaling","Wnt3a  - (Fzd9+Lrp5)"
"WNT8B_FZD1_LRP5","WNT8B_FZD1_LRP5","WNT","Wnt8b","FZD1_LRP5","WNT agonist","WNT antagonist","WNT activation receptor","WNT inhibition receptor","KEGG: mmu04310; PMID: 23209147","Secreted Signaling","Wnt8b  - (Fzd1+Lrp5)"
"WNT8B_FZD10_LRP5","WNT8B_FZD10_LRP5","WNT","Wnt8b","FZD10_LRP5","WNT agonist","WNT antagonist","WNT activation receptor","WNT inhibition receptor","KEGG: mmu04310; PMID: 23209147","Secreted Signaling","Wnt8b  - (Fzd10+Lrp5)"
"WNT8B_FZD2_LRP5","WNT8B_FZD2_LRP5","WNT","Wnt8b","FZD2_LRP5","WNT agonist","WNT antagonist","WNT activation receptor","WNT inhibition receptor","KEGG: mmu04310; PMID: 23209147","Secreted Signaling","Wnt8b  - (Fzd2+Lrp5)"
"WNT8B_FZD3_LRP5","WNT8B_FZD3_LRP5","WNT","Wnt8b","FZD3_LRP5","WNT agonist","WNT antagonist","WNT activation receptor","WNT inhibition receptor","KEGG: mmu04310; PMID: 23209147","Secreted Signaling","Wnt8b  - (Fzd3+Lrp5)"
"WNT8B_FZD4_LRP5","WNT8B_FZD4_LRP5","WNT","Wnt8b","FZD4_LRP5","WNT agonist","WNT antagonist","WNT activation receptor","WNT inhibition receptor","KEGG: mmu04310; PMID: 23209147","Secreted Signaling","Wnt8b  - (Fzd4+Lrp5)"
"WNT8B_FZD5_LRP5","WNT8B_FZD5_LRP5","WNT","Wnt8b","FZD5_LRP5","WNT agonist","WNT antagonist","WNT activation receptor","WNT inhibition receptor","KEGG: mmu04310; PMID: 23209147","Secreted Signaling","Wnt8b  - (Fzd5+Lrp5)"
"WNT8B_FZD6_LRP5","WNT8B_FZD6_LRP5","WNT","Wnt8b","FZD6_LRP5","WNT agonist","WNT antagonist","WNT activation receptor","WNT inhibition receptor","KEGG: mmu04310; PMID: 23209147","Secreted Signaling","Wnt8b  - (Fzd6+Lrp5)"
"WNT8B_FZD7_LRP5","WNT8B_FZD7_LRP5","WNT","Wnt8b","FZD7_LRP5","WNT agonist","WNT antagonist","WNT activation receptor","WNT inhibition receptor","KEGG: mmu04310; PMID: 23209147","Secreted Signaling","Wnt8b  - (Fzd7+Lrp5)"
"WNT8B_FZD8_LRP5","WNT8B_FZD8_LRP5","WNT","Wnt8b","FZD8_LRP5","WNT agonist","WNT antagonist","WNT activation receptor","WNT inhibition receptor","KEGG: mmu04310; PMID: 23209147","Secreted Signaling","Wnt8b  - (Fzd8+Lrp5)"
"WNT8B_FZD9_LRP5","WNT8B_FZD9_LRP5","WNT","Wnt8b","FZD9_LRP5","WNT agonist","WNT antagonist","WNT activation receptor","WNT inhibition receptor","KEGG: mmu04310; PMID: 23209147","Secreted Signaling","Wnt8b  - (Fzd9+Lrp5)"
"WNT10B_FZD1_LRP6","WNT10B_FZD1_LRP6","WNT","Wnt10b","FZD1_LRP6","WNT agonist","WNT antagonist","WNT activation receptor","WNT inhibition receptor","KEGG: mmu04310; PMID: 23209147","Secreted Signaling","Wnt10b  - (Fzd1+Lrp6)"
"WNT10B_FZD10_LRP6","WNT10B_FZD10_LRP6","WNT","Wnt10b","FZD10_LRP6","WNT agonist","WNT antagonist","WNT activation receptor","WNT inhibition receptor","KEGG: mmu04310; PMID: 23209147","Secreted Signaling","Wnt10b  - (Fzd10+Lrp6)"
"WNT10B_FZD2_LRP6","WNT10B_FZD2_LRP6","WNT","Wnt10b","FZD2_LRP6","WNT agonist","WNT antagonist","WNT activation receptor","WNT inhibition receptor","KEGG: mmu04310; PMID: 23209147","Secreted Signaling","Wnt10b  - (Fzd2+Lrp6)"
"WNT10B_FZD3_LRP6","WNT10B_FZD3_LRP6","WNT","Wnt10b","FZD3_LRP6","WNT agonist","WNT antagonist","WNT activation receptor","WNT inhibition receptor","KEGG: mmu04310; PMID: 23209147","Secreted Signaling","Wnt10b  - (Fzd3+Lrp6)"
"WNT10B_FZD4_LRP6","WNT10B_FZD4_LRP6","WNT","Wnt10b","FZD4_LRP6","WNT agonist","WNT antagonist","WNT activation receptor","WNT inhibition receptor","KEGG: mmu04310; PMID: 23209147","Secreted Signaling","Wnt10b  - (Fzd4+Lrp6)"
"WNT10B_FZD5_LRP6","WNT10B_FZD5_LRP6","WNT","Wnt10b","FZD5_LRP6","WNT agonist","WNT antagonist","WNT activation receptor","WNT inhibition receptor","KEGG: mmu04310; PMID: 23209147","Secreted Signaling","Wnt10b  - (Fzd5+Lrp6)"
"WNT10B_FZD6_LRP6","WNT10B_FZD6_LRP6","WNT","Wnt10b","FZD6_LRP6","WNT agonist","WNT antagonist","WNT activation receptor","WNT inhibition receptor","KEGG: mmu04310; PMID: 23209147","Secreted Signaling","Wnt10b  - (Fzd6+Lrp6)"
"WNT10B_FZD7_LRP6","WNT10B_FZD7_LRP6","WNT","Wnt10b","FZD7_LRP6","WNT agonist","WNT antagonist","WNT activation receptor","WNT inhibition receptor","KEGG: mmu04310; PMID: 23209147","Secreted Signaling","Wnt10b  - (Fzd7+Lrp6)"
"WNT10B_FZD8_LRP6","WNT10B_FZD8_LRP6","WNT","Wnt10b","FZD8_LRP6","WNT agonist","WNT antagonist","WNT activation receptor","WNT inhibition receptor","KEGG: mmu04310; PMID: 23209147","Secreted Signaling","Wnt10b  - (Fzd8+Lrp6)"
"WNT10B_FZD9_LRP6","WNT10B_FZD9_LRP6","WNT","Wnt10b","FZD9_LRP6","WNT agonist","WNT antagonist","WNT activation receptor","WNT inhibition receptor","KEGG: mmu04310; PMID: 23209147","Secreted Signaling","Wnt10b  - (Fzd9+Lrp6)"
"WNT16_FZD1_LRP6","WNT16_FZD1_LRP6","WNT","Wnt16","FZD1_LRP6","WNT agonist","WNT antagonist","WNT activation receptor","WNT inhibition receptor","KEGG: mmu04310; PMID: 23209147","Secreted Signaling","Wnt16  - (Fzd1+Lrp6)"
"WNT16_FZD10_LRP6","WNT16_FZD10_LRP6","WNT","Wnt16","FZD10_LRP6","WNT agonist","WNT antagonist","WNT activation receptor","WNT inhibition receptor","KEGG: mmu04310; PMID: 23209147","Secreted Signaling","Wnt16  - (Fzd10+Lrp6)"
"WNT16_FZD2_LRP6","WNT16_FZD2_LRP6","WNT","Wnt16","FZD2_LRP6","WNT agonist","WNT antagonist","WNT activation receptor","WNT inhibition receptor","KEGG: mmu04310; PMID: 23209147","Secreted Signaling","Wnt16  - (Fzd2+Lrp6)"
"WNT16_FZD3_LRP6","WNT16_FZD3_LRP6","WNT","Wnt16","FZD3_LRP6","WNT agonist","WNT antagonist","WNT activation receptor","WNT inhibition receptor","KEGG: mmu04310; PMID: 23209147","Secreted Signaling","Wnt16  - (Fzd3+Lrp6)"
"WNT16_FZD4_LRP6","WNT16_FZD4_LRP6","WNT","Wnt16","FZD4_LRP6","WNT agonist","WNT antagonist","WNT activation receptor","WNT inhibition receptor","KEGG: mmu04310; PMID: 23209147","Secreted Signaling","Wnt16  - (Fzd4+Lrp6)"
"WNT16_FZD5_LRP6","WNT16_FZD5_LRP6","WNT","Wnt16","FZD5_LRP6","WNT agonist","WNT antagonist","WNT activation receptor","WNT inhibition receptor","KEGG: mmu04310; PMID: 23209147","Secreted Signaling","Wnt16  - (Fzd5+Lrp6)"
"WNT16_FZD6_LRP6","WNT16_FZD6_LRP6","WNT","Wnt16","FZD6_LRP6","WNT agonist","WNT antagonist","WNT activation receptor","WNT inhibition receptor","KEGG: mmu04310; PMID: 23209147","Secreted Signaling","Wnt16  - (Fzd6+Lrp6)"
"WNT16_FZD7_LRP6","WNT16_FZD7_LRP6","WNT","Wnt16","FZD7_LRP6","WNT agonist","WNT antagonist","WNT activation receptor","WNT inhibition receptor","KEGG: mmu04310; PMID: 23209147","Secreted Signaling","Wnt16  - (Fzd7+Lrp6)"
"WNT16_FZD8_LRP6","WNT16_FZD8_LRP6","WNT","Wnt16","FZD8_LRP6","WNT agonist","WNT antagonist","WNT activation receptor","WNT inhibition receptor","KEGG: mmu04310; PMID: 23209147","Secreted Signaling","Wnt16  - (Fzd8+Lrp6)"
"WNT16_FZD9_LRP6","WNT16_FZD9_LRP6","WNT","Wnt16","FZD9_LRP6","WNT agonist","WNT antagonist","WNT activation receptor","WNT inhibition receptor","KEGG: mmu04310; PMID: 23209147","Secreted Signaling","Wnt16  - (Fzd9+Lrp6)"
"WNT3A_FZD1_LRP6","WNT3A_FZD1_LRP6","WNT","Wnt3a","FZD1_LRP6","WNT agonist","WNT antagonist","WNT activation receptor","WNT inhibition receptor","KEGG: mmu04310; PMID: 23209147","Secreted Signaling","Wnt3a  - (Fzd1+Lrp6)"
"WNT3A_FZD10_LRP6","WNT3A_FZD10_LRP6","WNT","Wnt3a","FZD10_LRP6","WNT agonist","WNT antagonist","WNT activation receptor","WNT inhibition receptor","KEGG: mmu04310; PMID: 23209147","Secreted Signaling","Wnt3a  - (Fzd10+Lrp6)"
"WNT3A_FZD2_LRP6","WNT3A_FZD2_LRP6","WNT","Wnt3a","FZD2_LRP6","WNT agonist","WNT antagonist","WNT activation receptor","WNT inhibition receptor","KEGG: mmu04310; PMID: 23209147","Secreted Signaling","Wnt3a  - (Fzd2+Lrp6)"
"WNT3A_FZD3_LRP6","WNT3A_FZD3_LRP6","WNT","Wnt3a","FZD3_LRP6","WNT agonist","WNT antagonist","WNT activation receptor","WNT inhibition receptor","KEGG: mmu04310; PMID: 23209147","Secreted Signaling","Wnt3a  - (Fzd3+Lrp6)"
"WNT3A_FZD4_LRP6","WNT3A_FZD4_LRP6","WNT","Wnt3a","FZD4_LRP6","WNT agonist","WNT antagonist","WNT activation receptor","WNT inhibition receptor","KEGG: mmu04310; PMID: 23209147","Secreted Signaling","Wnt3a  - (Fzd4+Lrp6)"
"WNT3A_FZD5_LRP6","WNT3A_FZD5_LRP6","WNT","Wnt3a","FZD5_LRP6","WNT agonist","WNT antagonist","WNT activation receptor","WNT inhibition receptor","KEGG: mmu04310; PMID: 23209147","Secreted Signaling","Wnt3a  - (Fzd5+Lrp6)"
"WNT3A_FZD6_LRP6","WNT3A_FZD6_LRP6","WNT","Wnt3a","FZD6_LRP6","WNT agonist","WNT antagonist","WNT activation receptor","WNT inhibition receptor","KEGG: mmu04310; PMID: 23209147","Secreted Signaling","Wnt3a  - (Fzd6+Lrp6)"
"WNT3A_FZD7_LRP6","WNT3A_FZD7_LRP6","WNT","Wnt3a","FZD7_LRP6","WNT agonist","WNT antagonist","WNT activation receptor","WNT inhibition receptor","KEGG: mmu04310; PMID: 23209147","Secreted Signaling","Wnt3a  - (Fzd7+Lrp6)"
"WNT3A_FZD8_LRP6","WNT3A_FZD8_LRP6","WNT","Wnt3a","FZD8_LRP6","WNT agonist","WNT antagonist","WNT activation receptor","WNT inhibition receptor","KEGG: mmu04310; PMID: 23209147","Secreted Signaling","Wnt3a  - (Fzd8+Lrp6)"
"WNT3A_FZD9_LRP6","WNT3A_FZD9_LRP6","WNT","Wnt3a","FZD9_LRP6","WNT agonist","WNT antagonist","WNT activation receptor","WNT inhibition receptor","KEGG: mmu04310; PMID: 23209147","Secreted Signaling","Wnt3a  - (Fzd9+Lrp6)"
"WNT8B_FZD1_LRP6","WNT8B_FZD1_LRP6","WNT","Wnt8b","FZD1_LRP6","WNT agonist","WNT antagonist","WNT activation receptor","WNT inhibition receptor","KEGG: mmu04310; PMID: 23209147","Secreted Signaling","Wnt8b  - (Fzd1+Lrp6)"
"WNT8B_FZD10_LRP6","WNT8B_FZD10_LRP6","WNT","Wnt8b","FZD10_LRP6","WNT agonist","WNT antagonist","WNT activation receptor","WNT inhibition receptor","KEGG: mmu04310; PMID: 23209147","Secreted Signaling","Wnt8b  - (Fzd10+Lrp6)"
"WNT8B_FZD2_LRP6","WNT8B_FZD2_LRP6","WNT","Wnt8b","FZD2_LRP6","WNT agonist","WNT antagonist","WNT activation receptor","WNT inhibition receptor","KEGG: mmu04310; PMID: 23209147","Secreted Signaling","Wnt8b  - (Fzd2+Lrp6)"
"WNT8B_FZD3_LRP6","WNT8B_FZD3_LRP6","WNT","Wnt8b","FZD3_LRP6","WNT agonist","WNT antagonist","WNT activation receptor","WNT inhibition receptor","KEGG: mmu04310; PMID: 23209147","Secreted Signaling","Wnt8b  - (Fzd3+Lrp6)"
"WNT8B_FZD4_LRP6","WNT8B_FZD4_LRP6","WNT","Wnt8b","FZD4_LRP6","WNT agonist","WNT antagonist","WNT activation receptor","WNT inhibition receptor","KEGG: mmu04310; PMID: 23209147","Secreted Signaling","Wnt8b  - (Fzd4+Lrp6)"
"WNT8B_FZD5_LRP6","WNT8B_FZD5_LRP6","WNT","Wnt8b","FZD5_LRP6","WNT agonist","WNT antagonist","WNT activation receptor","WNT inhibition receptor","KEGG: mmu04310; PMID: 23209147","Secreted Signaling","Wnt8b  - (Fzd5+Lrp6)"
"WNT8B_FZD6_LRP6","WNT8B_FZD6_LRP6","WNT","Wnt8b","FZD6_LRP6","WNT agonist","WNT antagonist","WNT activation receptor","WNT inhibition receptor","KEGG: mmu04310; PMID: 23209147","Secreted Signaling","Wnt8b  - (Fzd6+Lrp6)"
"WNT8B_FZD7_LRP6","WNT8B_FZD7_LRP6","WNT","Wnt8b","FZD7_LRP6","WNT agonist","WNT antagonist","WNT activation receptor","WNT inhibition receptor","KEGG: mmu04310; PMID: 23209147","Secreted Signaling","Wnt8b  - (Fzd7+Lrp6)"
"WNT8B_FZD8_LRP6","WNT8B_FZD8_LRP6","WNT","Wnt8b","FZD8_LRP6","WNT agonist","WNT antagonist","WNT activation receptor","WNT inhibition receptor","KEGG: mmu04310; PMID: 23209147","Secreted Signaling","Wnt8b  - (Fzd8+Lrp6)"
"WNT8B_FZD9_LRP6","WNT8B_FZD9_LRP6","WNT","Wnt8b","FZD9_LRP6","WNT agonist","WNT antagonist","WNT activation receptor","WNT inhibition receptor","KEGG: mmu04310; PMID: 23209147","Secreted Signaling","Wnt8b  - (Fzd9+Lrp6)"
"WNT5A_FZD1","WNT5A_FZD1","ncWNT","Wnt5a","Fzd1","","","ncWNT activation receptor","","KEGG: mmu04310","Secreted Signaling","Wnt5a  - Fzd1"
"WNT5A_FZD10","WNT5A_FZD10","ncWNT","Wnt5a","Fzd10","","","ncWNT activation receptor","","KEGG: mmu04310","Secreted Signaling","Wnt5a  - Fzd10"
"WNT5A_FZD2","WNT5A_FZD2","ncWNT","Wnt5a","Fzd2","","","ncWNT activation receptor","","KEGG: mmu04310","Secreted Signaling","Wnt5a  - Fzd2"
"WNT5A_FZD3","WNT5A_FZD3","ncWNT","Wnt5a","Fzd3","","","ncWNT activation receptor","","KEGG: mmu04310","Secreted Signaling","Wnt5a  - Fzd3"
"WNT5A_FZD4","WNT5A_FZD4","ncWNT","Wnt5a","Fzd4","","","ncWNT activation receptor","","KEGG: mmu04310","Secreted Signaling","Wnt5a  - Fzd4"
"WNT5A_FZD7","WNT5A_FZD7","ncWNT","Wnt5a","Fzd7","","","ncWNT activation receptor","","KEGG: mmu04310","Secreted Signaling","Wnt5a  - Fzd7"
"WNT5A_FZD8","WNT5A_FZD8","ncWNT","Wnt5a","Fzd8","","","ncWNT activation receptor","","KEGG: mmu04310","Secreted Signaling","Wnt5a  - Fzd8"
"WNT5A_FZD9","WNT5A_FZD9","ncWNT","Wnt5a","Fzd9","","","ncWNT activation receptor","","KEGG: mmu04310","Secreted Signaling","Wnt5a  - Fzd9"
"WNT5B_FZD1","WNT5B_FZD1","ncWNT","Wnt5b","Fzd1","","","ncWNT activation receptor","","KEGG: mmu04310","Secreted Signaling","Wnt5b  - Fzd1"
"WNT5B_FZD10","WNT5B_FZD10","ncWNT","Wnt5b","Fzd10","","","ncWNT activation receptor","","KEGG: mmu04310","Secreted Signaling","Wnt5b  - Fzd10"
"WNT5B_FZD2","WNT5B_FZD2","ncWNT","Wnt5b","Fzd2","","","ncWNT activation receptor","","KEGG: mmu04310","Secreted Signaling","Wnt5b  - Fzd2"
"WNT5B_FZD3","WNT5B_FZD3","ncWNT","Wnt5b","Fzd3","","","ncWNT activation receptor","","KEGG: mmu04310","Secreted Signaling","Wnt5b  - Fzd3"
"WNT5B_FZD4","WNT5B_FZD4","ncWNT","Wnt5b","Fzd4","","","ncWNT activation receptor","","KEGG: mmu04310","Secreted Signaling","Wnt5b  - Fzd4"
"WNT5B_FZD7","WNT5B_FZD7","ncWNT","Wnt5b","Fzd7","","","ncWNT activation receptor","","KEGG: mmu04310","Secreted Signaling","Wnt5b  - Fzd7"
"WNT5B_FZD8","WNT5B_FZD8","ncWNT","Wnt5b","Fzd8","","","ncWNT activation receptor","","KEGG: mmu04310","Secreted Signaling","Wnt5b  - Fzd8"
"WNT5B_FZD9","WNT5B_FZD9","ncWNT","Wnt5b","Fzd9","","","ncWNT activation receptor","","KEGG: mmu04310","Secreted Signaling","Wnt5b  - Fzd9"
"WNT11_FZD1","WNT11_FZD1","ncWNT","Wnt11","Fzd1","","","ncWNT activation receptor","","KEGG: mmu04310","Secreted Signaling","Wnt11  - Fzd1"
"WNT11_FZD10","WNT11_FZD10","ncWNT","Wnt11","Fzd10","","","ncWNT activation receptor","","KEGG: mmu04310","Secreted Signaling","Wnt11  - Fzd10"
"WNT11_FZD2","WNT11_FZD2","ncWNT","Wnt11","Fzd2","","","ncWNT activation receptor","","KEGG: mmu04310","Secreted Signaling","Wnt11  - Fzd2"
"WNT11_FZD3","WNT11_FZD3","ncWNT","Wnt11","Fzd3","","","ncWNT activation receptor","","KEGG: mmu04310","Secreted Signaling","Wnt11  - Fzd3"
"WNT11_FZD4","WNT11_FZD4","ncWNT","Wnt11","Fzd4","","","ncWNT activation receptor","","KEGG: mmu04310","Secreted Signaling","Wnt11  - Fzd4"
"WNT11_FZD7","WNT11_FZD7","ncWNT","Wnt11","Fzd7","","","ncWNT activation receptor","","KEGG: mmu04310","Secreted Signaling","Wnt11  - Fzd7"
"WNT11_FZD8","WNT11_FZD8","ncWNT","Wnt11","Fzd8","","","ncWNT activation receptor","","KEGG: mmu04310","Secreted Signaling","Wnt11  - Fzd8"
"WNT11_FZD9","WNT11_FZD9","ncWNT","Wnt11","Fzd9","","","ncWNT activation receptor","","KEGG: mmu04310","Secreted Signaling","Wnt11  - Fzd9"
"HBEGF_EGFR","HBEGF_EGFR","EGF","Hbegf","Egfr","","","","","KEGG: mmu04012","Secreted Signaling","Hbegf  - Egfr"
"HBEGF_EGFR_ERBB2","HBEGF_EGFR_ERBB2","EGF","Hbegf","EGFR_ERBB2","","","","","KEGG: mmu04012","Secreted Signaling","Hbegf  - (Egfr+Erbb2)"
"HBEGF_ERBB4","HBEGF_ERBB4","EGF","Hbegf","Erbb4","","","","","KEGG: mmu04012","Secreted Signaling","Hbegf  - Erbb4"
"HBEGF_ERBB2_ERBB4","HBEGF_ERBB2_ERBB4","EGF","Hbegf","ERBB2_ERBB4","","","","","KEGG: mmu04012","Secreted Signaling","Hbegf  - (Erbb2+Erbb4)"
"NRG3_ERBB4","NRG3_ERBB4","NRG","Nrg3","Erbb4","","","","","KEGG: mmu04012","Secreted Signaling","Nrg3  - Erbb4"
"NRG3_ERBB2_ERBB4","NRG3_ERBB2_ERBB4","NRG","Nrg3","ERBB2_ERBB4","","","","","KEGG: mmu04012","Secreted Signaling","Nrg3  - (Erbb2+Erbb4)"
"NRG4_ERBB4","NRG4_ERBB4","NRG","Nrg4","Erbb4","","","","","KEGG: mmu04012","Secreted Signaling","Nrg4  - Erbb4"
"NRG4_ERBB2_ERBB4","NRG4_ERBB2_ERBB4","NRG","Nrg4","ERBB2_ERBB4","","","","","KEGG: mmu04012","Secreted Signaling","Nrg4  - (Erbb2+Erbb4)"
"FGF1_FGFR2","FGF1_FGFR2","FGF","Fgf1","Fgfr2","","","","FGF inhibition receptor","PMC: 4393358","Secreted Signaling","Fgf1  - Fgfr2"
"FGF1_FGFR3","FGF1_FGFR3","FGF","Fgf1","Fgfr3","","","","FGF inhibition receptor","PMC: 4393358","Secreted Signaling","Fgf1  - Fgfr3"
"FGF1_FGFR4","FGF1_FGFR4","FGF","Fgf1","Fgfr4","","","","FGF inhibition receptor","PMC: 4393358","Secreted Signaling","Fgf1  - Fgfr4"
"FGF7_FGFR2","FGF7_FGFR2","FGF","Fgf7","Fgfr2","","","","FGF inhibition receptor","PMC: 4393358","Secreted Signaling","Fgf7  - Fgfr2"
"FGF3_FGFR2","FGF3_FGFR2","FGF","Fgf3","Fgfr2","","","","FGF inhibition receptor","PMC: 4393358","Secreted Signaling","Fgf3  - Fgfr2"
"FGF10_FGFR2","FGF10_FGFR2","FGF","Fgf10","Fgfr2","","","","FGF inhibition receptor","PMC: 4393358","Secreted Signaling","Fgf10  - Fgfr2"
"FGF18_FGFR2","FGF18_FGFR2","FGF","Fgf18","Fgfr2","","","","FGF inhibition receptor","PMC: 4393358","Secreted Signaling","Fgf18  - Fgfr2"
"FGF18_FGFR3","FGF18_FGFR3","FGF","Fgf18","Fgfr3","","","","FGF inhibition receptor","PMC: 4393358","Secreted Signaling","Fgf18  - Fgfr3"
"FGF18_FGFR4","FGF18_FGFR4","FGF","Fgf18","Fgfr4","","","","FGF inhibition receptor","PMC: 4393358","Secreted Signaling","Fgf18  - Fgfr4"
"FGF9_FGFR2","FGF9_FGFR2","FGF","Fgf9","Fgfr2","","","","FGF inhibition receptor","PMC: 4393358","Secreted Signaling","Fgf9  - Fgfr2"
"FGF9_FGFR3","FGF9_FGFR3","FGF","Fgf9","Fgfr3","","","","FGF inhibition receptor","PMC: 4393358","Secreted Signaling","Fgf9  - Fgfr3"
"FGF9_FGFR4","FGF9_FGFR4","FGF","Fgf9","Fgfr4","","","","FGF inhibition receptor","PMC: 4393358","Secreted Signaling","Fgf9  - Fgfr4"
"FGF20_FGFR2","FGF20_FGFR2","FGF","Fgf20","Fgfr2","","","","FGF inhibition receptor","PMC: 4393358","Secreted Signaling","Fgf20  - Fgfr2"
"FGF20_FGFR3","FGF20_FGFR3","FGF","Fgf20","Fgfr3","","","","FGF inhibition receptor","PMC: 4393358","Secreted Signaling","Fgf20  - Fgfr3"
"FGF20_FGFR4","FGF20_FGFR4","FGF","Fgf20","Fgfr4","","","","FGF inhibition receptor","PMC: 4393358","Secreted Signaling","Fgf20  - Fgfr4"
"FGF16_FGFR2","FGF16_FGFR2","FGF","Fgf16","Fgfr2","","","","FGF inhibition receptor","PMC: 4393358","Secreted Signaling","Fgf16  - Fgfr2"
"FGF16_FGFR3","FGF16_FGFR3","FGF","Fgf16","Fgfr3","","","","FGF inhibition receptor","PMC: 4393358","Secreted Signaling","Fgf16  - Fgfr3"
"FGF16_FGFR4","FGF16_FGFR4","FGF","Fgf16","Fgfr4","","","","FGF inhibition receptor","PMC: 4393358","Secreted Signaling","Fgf16  - Fgfr4"
"FGF15_FGFR2","FGF15_FGFR2","FGF","Fgf15","Fgfr2","","","FGF activation receptor 2","","PMC: 4393358","Secreted Signaling","Fgf15  - Fgfr2"
"FGF15_FGFR3","FGF15_FGFR3","FGF","Fgf15","Fgfr3","","","FGF activation receptor 2","","PMC: 4393358","Secreted Signaling","Fgf15  - Fgfr3"
"FGF15_FGFR4","FGF15_FGFR4","FGF","Fgf15","Fgfr4","","","FGF activation receptor 2","","PMC: 4393358","Secreted Signaling","Fgf15  - Fgfr4"
"FGF23_FGFR3","FGF23_FGFR3","FGF","Fgf23","Fgfr3","","","FGF activation receptor 3","","PMC: 4393358","Secreted Signaling","Fgf23  - Fgfr3"
"FGF23_FGFR4","FGF23_FGFR4","FGF","Fgf23","Fgfr4","","","FGF activation receptor 3","","PMC: 4393358","Secreted Signaling","Fgf23  - Fgfr4"
"PDGFA_PDGFRA","PDGFA_PDGFRA","PDGF","Pdgfa","Pdgfra","","PDGF antagonist","","","PMID: 15207812","Secreted Signaling","Pdgfa  - Pdgfra"
"PDGFB_PDGFRA","PDGFB_PDGFRA","PDGF","Pdgfb","Pdgfra","","PDGF antagonist","","","PMID: 15207812","Secreted Signaling","Pdgfb  - Pdgfra"
"PDGFC_PDGFRA","PDGFC_PDGFRA","PDGF","Pdgfc","Pdgfra","","PDGF antagonist","","","PMID: 15207812","Secreted Signaling","Pdgfc  - Pdgfra"
"VEGFA_VEGFR2","VEGFA_VEGFR2","VEGF","Vegfa","Kdr","","","VEGF activation receptor","","KEGG: mmu04370; PMID: 16633338","Secreted Signaling","Vegfa  - Vegfr2"
"VEGFC_VEGFR3","VEGFC_VEGFR3","VEGF","Vegfc","Flt4","","","","","KEGG: mmu04370; PMID: 16633338","Secreted Signaling","Vegfc  - Vegfr3"
"VEGFC_VEGFR2","VEGFC_VEGFR2","VEGF","Vegfc","Kdr","","","VEGF activation receptor","","KEGG: mmu04370; PMID: 16633338","Secreted Signaling","Vegfc  - Vegfr2"
"VEGFD_VEGFR3","VEGFD_VEGFR3","VEGF","Vegfd","Flt4","","","","","KEGG: mmu04370; PMID: 16633338","Secreted Signaling","Vegfd  - Vegfr3"
"VEGFD_VEGFR2","VEGFD_VEGFR2","VEGF","Vegfd","Kdr","","","VEGF activation receptor","","KEGG: mmu04370; PMID: 16633338","Secreted Signaling","Vegfd  - Vegfr2"
"VEGFA_VEGFR1R2","VEGFA_VEGFR1R2","VEGF","Vegfa","FLT1_KDR","","","VEGF activation receptor","","PMID: 16633338","Secreted Signaling","Vegfa  - Vegfr1r2"
"VEGFC_VEGFR2R3","VEGFC_VEGFR2R3","VEGF","Vegfc","FLT4_KDR","","","VEGF activation receptor","","PMID: 16633339","Secreted Signaling","Vegfc  - Vegfr2r3"
"VEGFD_VEGFR2R3","VEGFD_VEGFR2R3","VEGF","Vegfd","FLT4_KDR","","","VEGF activation receptor","","PMID: 16633340","Secreted Signaling","Vegfd  - Vegfr2r3"
"IGF2_ITGA6_ITGB4","IGF2_ITGA6_ITGB4","IGF","Igf2","ITGA6_ITGB4","","IGF antagonist","","","PMID: 28190785; PMID: 28873464","Secreted Signaling","Igf2  - (Itga6+Itgb4)"
"APLN_APLNR","APLN_APLNR","APELIN","Apln","Aplnr","","","","","KEGG: mmu04371","Secreted Signaling","Apln  - Aplnr"
"CCL8_CCR1L1","CCL8_CCR1L1","CCL","Ccl8","Ccr1l1","","","","","KEGG: mmu04060","Secreted Signaling","Ccl8  - Ccr1l1"
"CCL19_ACKR4","CCL19_ACKR4","CCL","Ccl19","Ackr4","","","","","KEGG: mmu04060","Secreted Signaling","Ccl19  - Ackr4"
"CCL21A_ACKR4","CCL21A_ACKR4","CCL","Ccl21a","Ackr4","","","","","KEGG: mmu04060","Secreted Signaling","Ccl21a  - Ackr4"
"CCL25_ACKR4","CCL25_ACKR4","CCL","Ccl25","Ackr4","","","","","KEGG: mmu04060","Secreted Signaling","Ccl25  - Ackr4"
"CCL27A_CCR10","CCL27A_CCR10","CCL","Ccl27a","Ccr10","","","","","KEGG: mmu04060","Secreted Signaling","Ccl27a  - Ccr10"
"CCL1_ACKR4","CCL1_ACKR4","CCL","Ccl1","Ackr4","","","","","KEGG: mmu04060","Secreted Signaling","Ccl1  - Ackr4"
"CCL8_ACKR4","CCL8_ACKR4","CCL","Ccl8","Ackr4","","","","","KEGG: mmu04060","Secreted Signaling","Ccl8  - Ackr4"
"CCL1_ACKR1","CCL1_ACKR1","CCL","Ccl1","Ackr1","","","","","PMID: 26740381","Secreted Signaling","Ccl1  - Ackr1"
"CCL8_ACKR1","CCL8_ACKR1","CCL","Ccl8","Ackr1","","","","","PMID: 26740381","Secreted Signaling","Ccl8  - Ackr1"
"CCL11_ACKR1","CCL11_ACKR1","CCL","Ccl11","Ackr1","","","","","PMID: 26740381","Secreted Signaling","Ccl11  - Ackr1"
"CCL11_ACKR2","CCL11_ACKR2","CCL","Ccl11","Ackr2","","","","","PMID: 26740381","Secreted Signaling","Ccl11  - Ackr2"
"CCL26_ACKR2","CCL26_ACKR2","CCL","Ccl26","Ackr2","","","","","PMID: 26740381","Secreted Signaling","Ccl26  - Ackr2"
"CXCL1_CXCR1","CXCL1_CXCR1","CXCL","Cxcl1","Cxcr1","","","","","KEGG: mmu04060","Secreted Signaling","Cxcl1  - Cxcr1"
"CXCL5_CXCR1","CXCL5_CXCR1","CXCL","Cxcl5","Cxcr1","","","","","KEGG: mmu04060","Secreted Signaling","Cxcl5  - Cxcr1"
"CXCL1_ACKR1","CXCL1_ACKR1","CXCL","Cxcl1","Ackr1","","","","","KEGG: mmu04060","Secreted Signaling","Cxcl1  - Ackr1"
"CXCL5_ACKR1","CXCL5_ACKR1","CXCL","Cxcl5","Ackr1","","","","","KEGG: mmu04060","Secreted Signaling","Cxcl5  - Ackr1"
"TSLP_IL7R_CRLF2","TSLP_IL7R_CRLF2","IL2","Tslp","IL7R_CRLF2","","","","","KEGG: mmu04060","Secreted Signaling","Tslp  - (Il7r+Crlf2)"
"IL13_IL4R_IL13RA2","IL13_IL4R_IL13RA2","IL4","Il13","IL4R_IL13RA2","","","","","KEGG: mmu04060","Secreted Signaling","Il13  - (Il4r+Il13ra2)"
"IL13_IL13RA2","IL13_IL13RA2","IL4","Il13","Il13ra2","","","","","KEGG: mmu04060","Secreted Signaling","Il13  - Il13ra2"
"IL11_IL11RA2_IL6ST","IL11_IL11RA2_IL6ST","IL6","Il11","IL11R complex 2","","","","","KEGG: mmu04060","Secreted Signaling","Il11  - (Il11ra2+Il6st)"
"CNTF_CNTFR_LIFR","CNTF_CNTFR_LIFR","LIFR","Cntf","CNTFR_LIFR","","","","","KEGG: mmu04060","Secreted Signaling","Cntf  - (Cntfr+Lifr)"
"CLCF1_CNTFR_LIFR","CLCF1_CNTFR_LIFR","LIFR","Clcf1","CNTFR_LIFR","","","","","KEGG: mmu04060","Secreted Signaling","Clcf1  - (Cntfr+Lifr)"
"IL20_IL20RA_IL20RB","IL20_IL20RA_IL20RB","IL10","Il20","IL20RA_IL20RB","","","","","KEGG: mmu04060","Secreted Signaling","Il20  - (Il20ra+Il20rb)"
"IL20_IL22RA1_IL20RB","IL20_IL22RA1_IL20RB","IL10","Il20","IL22RA1_IL20RB","","","","","KEGG: mmu04060","Secreted Signaling","Il20  - (Il22ra1+Il20rb)"
"IL17A_IL17RA_IL17RC","IL17A_IL17RA_IL17RC","IL17","Il17a","IL17RA_IL17RC","","","","","KEGG: mmu04060","Secreted Signaling","Il17a  - (Il17ra+Il17rc)"
"IL17F_IL17RA_IL17RC","IL17F_IL17RA_IL17RC","IL17","Il17f","IL17RA_IL17RC","","","","","KEGG: mmu04060","Secreted Signaling","Il17f  - (Il17ra+Il17rc)"
"IL17AF_IL17RA_IL17RC","IL17AF_IL17RA_IL17RC","IL17","IL17AF","IL17RA_IL17RC","","","","","PMID: 24813051","Secreted Signaling","Il17af  - (Il17ra+Il17rc)"
"EPO_EPOR","EPO_EPOR","EPO","Epo","Epor","","","","","KEGG: mmu04060","Secreted Signaling","Epo  - Epor"
"LTA_TNFRSF14","LTA_TNFRSF14","LT","Lta","Tnfrsf14","","","","","KEGG: mmu04060","Secreted Signaling","Lta  - Tnfrsf14"
"LTA_LTB_LTBR","LTA_LTB_LTBR","LT","LTa1b2","Ltbr","","","","","PMID: 24248355","Secreted Signaling","Lta  - (Ltb+Ltbr)"
"EDA_EDAR","EDA_EDAR","EDA","Eda","Edar","","","","","KEGG: mmu04060","Secreted Signaling","Eda  - Edar"
"EDA_EDA2R","EDA_EDA2R","EDA","Eda","Eda2r","","","","","KEGG: mmu04060","Secreted Signaling","Eda  - Eda2r"
"TNFSF12_TNFRSF12A","TNFSF12_TNFRSF12A","TWEAK","Tnfsf12","Tnfrsf12a","","","","","KEGG: mmu04060","Secreted Signaling","Tnfsf12  - Tnfrsf12a"
"ANGPT2_TEK","ANGPT2_TEK","ANGPT","Angpt2","Tek","","","","ANGPT inhibition receptor 1","PMID: 20651738","Secreted Signaling","Angpt2  - Tek"
"MDK_SDC2","MDK_SDC2","MK","Mdk","Sdc2","","","","","PMID: 28356350","Secreted Signaling","Mdk  - Sdc2"
"PTN_SDC2","PTN_SDC2","PTN","Ptn","Sdc2","","","","","PMID: 28356350; PMID: 25620911","Secreted Signaling","Ptn  - Sdc2"
"POSTN_ITGAV_ITGB5","POSTN_ITGAV_ITGB5","PERIOSTIN","Postn","ITGAV_ITGB5","","","","","PMID: 26721738","Secreted Signaling","Postn  - (Itgav+Itgb5)"
"NPFF_NPFFR1","NPFF_NPFFR1","NPFF","Npff","Npffr1","","","","","KEGG: mmu04080","Secreted Signaling","Npff  - Npffr1"
"NTS_NTSR1","NTS_NTSR1","NTS","Nts","Ntsr1","","","","","KEGG: mmu04080","Secreted Signaling","Nts  - Ntsr1"
"PENK_OPRD1","PENK_OPRD1","OPIOID","Penk","Oprd1","","","","","KEGG: mmu04080","Secreted Signaling","Penk  - Oprd1"
"PENK_OPRM1","PENK_OPRM1","OPIOID","Penk","Oprm1","","","","","KEGG: mmu04080","Secreted Signaling","Penk  - Oprm1"
"HCRT_HCRTR2","HCRT_HCRTR2","HCRT","Hcrt","Hcrtr2","","","","","KEGG: mmu04080","Secreted Signaling","Hcrt  - Hcrtr2"
"GM10334_F2RL1","GM10334_F2RL1","PARs","Gm10334","F2rl1","","","","","KEGG: mmu04080","Secreted Signaling","Gm10334  - F2rl1"
"F2_F2RL1","F2_F2RL1","PARs","F2","F2rl1","","","","","KEGG: mmu04080","Secreted Signaling","F2  - F2rl1"
"PRSS2_F2RL1","PRSS2_F2RL1","PARs","Prss2","F2rl1","","","","","KEGG: mmu04080","Secreted Signaling","Prss2  - F2rl1"
"TRY4_F2RL1","TRY4_F2RL1","PARs","Try4","F2rl1","","","","","KEGG: mmu04080","Secreted Signaling","Try4  - F2rl1"
"GM10334_F2RL2","GM10334_F2RL2","PARs","Gm10334","F2rl2","","","","","KEGG: mmu04080","Secreted Signaling","Gm10334  - F2rl2"
"F2_F2RL2","F2_F2RL2","PARs","F2","F2rl2","","","","","KEGG: mmu04080","Secreted Signaling","F2  - F2rl2"
"PRSS2_F2RL2","PRSS2_F2RL2","PARs","Prss2","F2rl2","","","","","KEGG: mmu04080","Secreted Signaling","Prss2  - F2rl2"
"TRY4_F2RL2","TRY4_F2RL2","PARs","Try4","F2rl2","","","","","KEGG: mmu04080","Secreted Signaling","Try4  - F2rl2"
"GM10334_F2RL3","GM10334_F2RL3","PARs","Gm10334","F2rl3","","","","","KEGG: mmu04080","Secreted Signaling","Gm10334  - F2rl3"
"F2_F2RL3","F2_F2RL3","PARs","F2","F2rl3","","","","","KEGG: mmu04080","Secreted Signaling","F2  - F2rl3"
"PRSS2_F2RL3","PRSS2_F2RL3","PARs","Prss2","F2rl3","","","","","KEGG: mmu04080","Secreted Signaling","Prss2  - F2rl3"
"TRY4_F2RL3","TRY4_F2RL3","PARs","Try4","F2rl3","","","","","KEGG: mmu04080","Secreted Signaling","Try4  - F2rl3"
"GM10334_PARD3","GM10334_PARD3","PARs","Gm10334","Pard3","","","","","KEGG: mmu04080","Secreted Signaling","Gm10334  - Pard3"
"F2_PARD3","F2_PARD3","PARs","F2","Pard3","","","","","KEGG: mmu04080","Secreted Signaling","F2  - Pard3"
"PRSS2_PARD3","PRSS2_PARD3","PARs","Prss2","Pard3","","","","","KEGG: mmu04080","Secreted Signaling","Prss2  - Pard3"
"TRY4_PARD3","TRY4_PARD3","PARs","Try4","Pard3","","","","","KEGG: mmu04080","Secreted Signaling","Try4  - Pard3"
"PROK2_PROKR1","PROK2_PROKR1","PROK","Prok2","Prokr1","","","","","PMID: 24496457","Secreted Signaling","Prok2  - Prokr1"
"NPPC_NPR2","NPPC_NPR2","NPR2","Nppc","Npr2","","","","","KEGG: mmu04080; PMID:29934640","Secreted Signaling","Nppc  - Npr2"
"FSHB_FSHR","FSHB_FSHR","FSH","Fshb","Fshr","","","","","KEGG: mmu04080","Secreted Signaling","Fshb  - Fshr"
"HGF_MET","HGF_MET","HGF","Hgf","Met","","","","","PMID: 28475121","Secreted Signaling","Hgf  - Met"
"NTF3_NTRK1","NTF3_NTRK1","NT","Ntf3","Ntrk1","","","NGFR activation receptor","","PMID: 27908981","Secreted Signaling","Ntf3  - Ntrk1"
"NTF3_NTRK2","NTF3_NTRK2","NT","Ntf3","Ntrk2","","","NGFR activation receptor","","PMID: 27908981","Secreted Signaling","Ntf3  - Ntrk2"
"NTF3_NTRK3","NTF3_NTRK3","NT","Ntf3","Ntrk3","","","NGFR activation receptor","","PMID: 27908981","Secreted Signaling","Ntf3  - Ntrk3"
"SEMA3A_NRP1_PLXNA1","SEMA3A_NRP1_PLXNA1","SEMA3","Sema3a","NRP1_PLXNA1","","","","","PMID: 27533782","Secreted Signaling","Sema3a  - (Nrp1+Plxna1)"
"SEMA3A_NRP1_PLXNA2","SEMA3A_NRP1_PLXNA2","SEMA3","Sema3a","NRP1_PLXNA2","","","","","PMID: 27533782","Secreted Signaling","Sema3a  - (Nrp1+Plxna2)"
"SEMA3A_NRP1_PLXNA4","SEMA3A_NRP1_PLXNA4","SEMA3","Sema3a","NRP1_PLXNA4","","","","","PMID: 27533782","Secreted Signaling","Sema3a  - (Nrp1+Plxna4)"
"SEMA3B_NRP1_PLXNA1","SEMA3B_NRP1_PLXNA1","SEMA3","Sema3b","NRP1_PLXNA1","","","","","PMID: 27533782","Secreted Signaling","Sema3b  - (Nrp1+Plxna1)"
"SEMA3B_NRP1_PLXNA2","SEMA3B_NRP1_PLXNA2","SEMA3","Sema3b","NRP1_PLXNA2","","","","","PMID: 27533782","Secreted Signaling","Sema3b  - (Nrp1+Plxna2)"
"SEMA3B_NRP1_PLXNA4","SEMA3B_NRP1_PLXNA4","SEMA3","Sema3b","NRP1_PLXNA4","","","","","PMID: 27533782","Secreted Signaling","Sema3b  - (Nrp1+Plxna4)"
"SEMA3C_NRP1_PLXNA1","SEMA3C_NRP1_PLXNA1","SEMA3","Sema3c","NRP1_PLXNA1","","","","","PMID: 27533782","Secreted Signaling","Sema3c  - (Nrp1+Plxna1)"
"SEMA3C_NRP1_PLXNA2","SEMA3C_NRP1_PLXNA2","SEMA3","Sema3c","NRP1_PLXNA2","","","","","PMID: 27533782","Secreted Signaling","Sema3c  - (Nrp1+Plxna2)"
"SEMA3C_NRP1_PLXNA4","SEMA3C_NRP1_PLXNA4","SEMA3","Sema3c","NRP1_PLXNA4","","","","","PMID: 27533782","Secreted Signaling","Sema3c  - (Nrp1+Plxna4)"
"SEMA3D_NRP1_PLXNA1","SEMA3D_NRP1_PLXNA1","SEMA3","Sema3d","NRP1_PLXNA1","","","","","PMID: 27533782","Secreted Signaling","Sema3d  - (Nrp1+Plxna1)"
"SEMA3D_NRP1_PLXNA2","SEMA3D_NRP1_PLXNA2","SEMA3","Sema3d","NRP1_PLXNA2","","","","","PMID: 27533782","Secreted Signaling","Sema3d  - (Nrp1+Plxna2)"
"SEMA3D_NRP1_PLXNA4","SEMA3D_NRP1_PLXNA4","SEMA3","Sema3d","NRP1_PLXNA4","","","","","PMID: 27533782","Secreted Signaling","Sema3d  - (Nrp1+Plxna4)"
"SEMA3B_NRP2_PLXNA1","SEMA3B_NRP2_PLXNA1","SEMA3","Sema3b","NRP2_PLXNA1","","","","","PMID: 27533782","Secreted Signaling","Sema3b  - (Nrp2+Plxna1)"
"SEMA3B_NRP2_PLXNA2","SEMA3B_NRP2_PLXNA2","SEMA3","Sema3b","NRP2_PLXNA2","","","","","PMID: 27533782","Secreted Signaling","Sema3b  - (Nrp2+Plxna2)"
"SEMA3B_NRP2_PLXNA4","SEMA3B_NRP2_PLXNA4","SEMA3","Sema3b","NRP2_PLXNA4","","","","","PMID: 27533782","Secreted Signaling","Sema3b  - (Nrp2+Plxna4)"
"SEMA3C_NRP2_PLXNA1","SEMA3C_NRP2_PLXNA1","SEMA3","Sema3c","NRP2_PLXNA1","","","","","PMID: 27533782","Secreted Signaling","Sema3c  - (Nrp2+Plxna1)"
"SEMA3C_NRP2_PLXNA2","SEMA3C_NRP2_PLXNA2","SEMA3","Sema3c","NRP2_PLXNA2","","","","","PMID: 27533782","Secreted Signaling","Sema3c  - (Nrp2+Plxna2)"
"SEMA3C_NRP2_PLXNA4","SEMA3C_NRP2_PLXNA4","SEMA3","Sema3c","NRP2_PLXNA4","","","","","PMID: 27533782","Secreted Signaling","Sema3c  - (Nrp2+Plxna4)"
"SEMA3D_NRP2_PLXNA1","SEMA3D_NRP2_PLXNA1","SEMA3","Sema3d","NRP2_PLXNA1","","","","","PMID: 27533782","Secreted Signaling","Sema3d  - (Nrp2+Plxna1)"
"SEMA3D_NRP2_PLXNA2","SEMA3D_NRP2_PLXNA2","SEMA3","Sema3d","NRP2_PLXNA2","","","","","PMID: 27533782","Secreted Signaling","Sema3d  - (Nrp2+Plxna2)"
"SEMA3D_NRP2_PLXNA4","SEMA3D_NRP2_PLXNA4","SEMA3","Sema3d","NRP2_PLXNA4","","","","","PMID: 27533782","Secreted Signaling","Sema3d  - (Nrp2+Plxna4)"
"SEMA3F_NRP2_PLXNA1","SEMA3F_NRP2_PLXNA1","SEMA3","Sema3f","NRP2_PLXNA1","","","","","PMID: 27533782","Secreted Signaling","Sema3f  - (Nrp2+Plxna1)"
"SEMA3F_NRP2_PLXNA2","SEMA3F_NRP2_PLXNA2","SEMA3","Sema3f","NRP2_PLXNA2","","","","","PMID: 27533782","Secreted Signaling","Sema3f  - (Nrp2+Plxna2)"
"SEMA3F_NRP2_PLXNA4","SEMA3F_NRP2_PLXNA4","SEMA3","Sema3f","NRP2_PLXNA4","","","","","PMID: 27533782","Secreted Signaling","Sema3f  - (Nrp2+Plxna4)"
"SEMA3G_NRP2_PLXNA1","SEMA3G_NRP2_PLXNA1","SEMA3","Sema3g","NRP2_PLXNA1","","","","","PMID: 27533782","Secreted Signaling","Sema3g  - (Nrp2+Plxna1)"
"SEMA3G_NRP2_PLXNA2","SEMA3G_NRP2_PLXNA2","SEMA3","Sema3g","NRP2_PLXNA2","","","","","PMID: 27533782","Secreted Signaling","Sema3g  - (Nrp2+Plxna2)"
"SEMA3G_NRP2_PLXNA4","SEMA3G_NRP2_PLXNA4","SEMA3","Sema3g","NRP2_PLXNA4","","","","","PMID: 27533782","Secreted Signaling","Sema3g  - (Nrp2+Plxna4)"
"GNRH1_GNRHR","GNRH1_GNRHR","GNRH","Gnrh1","Gnrhr","","","","","PMID: 19640273","Secreted Signaling","Gnrh1  - Gnrhr"
"INSL3_RXFP1","INSL3_RXFP1","RLN","Insl3","Rxfp1","","","","","KEGG: mmu04080","Secreted Signaling","Insl3  - Rxfp1"
"INSL5_RXFP1","INSL5_RXFP1","RLN","Insl5","Rxfp1","","","","","KEGG: mmu04080","Secreted Signaling","Insl5  - Rxfp1"
"OSTN_NPR3","OSTN_NPR3","OSTN","Ostn","Npr3","","","","","PMID: 29326144","Secreted Signaling","Ostn  - Npr3"
"PTH_PTH1R","PTH_PTH1R","PTH","Pth","Pth1r","","","","","KEGG: mmu04080","Secreted Signaling","Pth  - Pth1r"
"PTH_PTH2R","PTH_PTH2R","PTH","Pth","Pth2r","","","","","KEGG: mmu04080","Secreted Signaling","Pth  - Pth2r"
"PTHLH_PTH1R","PTHLH_PTH1R","PTH","Pthlh","Pth1r","","","","","PMID: 29577935","Secreted Signaling","Pthlh  - Pth1r"
"RARRES2_GPR1","RARRES2_GPR1","CHEMERIN","Rarres2","Gpr1","","","","","PMID: 24671882","Secreted Signaling","Rarres2  - Gpr1"
"RLN3_RXFP1","RLN3_RXFP1","RLN","Rln3","Rxfp1","","","","","KEGG: mmu04080","Secreted Signaling","Rln3  - Rxfp1"
"SLURP1_CHRNB1","SLURP1_CHRNB1","SLURP","Slurp1","Chrnb1","","","","","KEGG: mmu04080","Secreted Signaling","Slurp1  - Chrnb1"
"SLURP1_CHRNB2","SLURP1_CHRNB2","SLURP","Slurp1","Chrnb2","","","","","KEGG: mmu04080","Secreted Signaling","Slurp1  - Chrnb2"
"SLURP1_CHRNB3","SLURP1_CHRNB3","SLURP","Slurp1","Chrnb3","","","","","KEGG: mmu04080","Secreted Signaling","Slurp1  - Chrnb3"
"SLURP1_CHRNB4","SLURP1_CHRNB4","SLURP","Slurp1","Chrnb4","","","","","KEGG: mmu04080","Secreted Signaling","Slurp1  - Chrnb4"
"SLURP1_CHRNA2","SLURP1_CHRNA2","SLURP","Slurp1","Chrna2","","","","","KEGG: mmu04080","Secreted Signaling","Slurp1  - Chrna2"
"SLURP1_CHRNA9","SLURP1_CHRNA9","SLURP","Slurp1","Chrna9","","","","","KEGG: mmu04080","Secreted Signaling","Slurp1  - Chrna9"
"SLURP1_CHRNA10","SLURP1_CHRNA10","SLURP","Slurp1","Chrna10","","","","","KEGG: mmu04080","Secreted Signaling","Slurp1  - Chrna10"
"SLURP1_CHRNA7","SLURP1_CHRNA7","SLURP","Slurp1","Chrna7","","","","","KEGG: mmu04080; PMID: 29545933;","Secreted Signaling","Slurp1  - Chrna7"
"SLURP2_CHRNB1","SLURP2_CHRNB1","SLURP","Slurp2","Chrnb1","","","","","KEGG: mmu04080","Secreted Signaling","Slurp2  - Chrnb1"
"SLURP2_CHRNB2","SLURP2_CHRNB2","SLURP","Slurp2","Chrnb2","","","","","KEGG: mmu04080","Secreted Signaling","Slurp2  - Chrnb2"
"SLURP2_CHRNB3","SLURP2_CHRNB3","SLURP","Slurp2","Chrnb3","","","","","KEGG: mmu04080","Secreted Signaling","Slurp2  - Chrnb3"
"SLURP2_CHRNB4","SLURP2_CHRNB4","SLURP","Slurp2","Chrnb4","","","","","KEGG: mmu04080","Secreted Signaling","Slurp2  - Chrnb4"
"SLURP2_CHRNA2","SLURP2_CHRNA2","SLURP","Slurp2","Chrna2","","","","","KEGG: mmu04080","Secreted Signaling","Slurp2  - Chrna2"
"SLURP2_CHRNA7","SLURP2_CHRNA7","SLURP","Slurp2","Chrna7","","","","","KEGG: mmu04080","Secreted Signaling","Slurp2  - Chrna7"
"SLURP2_CHRNA9","SLURP2_CHRNA9","SLURP","Slurp2","Chrna9","","","","","KEGG: mmu04080","Secreted Signaling","Slurp2  - Chrna9"
"SLURP2_CHRNA10","SLURP2_CHRNA10","SLURP","Slurp2","Chrna10","","","","","KEGG: mmu04080","Secreted Signaling","Slurp2  - Chrna10"
"VTN_ITGA8_ITGB1","VTN_ITGA8_ITGB1","VTN","Vtn","ITGA8_ITGB1","","","","","KEGG: mmu04512","ECM-Receptor","Vtn  - (Itga8+Itgb1)"
"TNXB_ITGA8_ITGB1","TNXB_ITGA8_ITGB1","TENASCIN","Tnxb","ITGA8_ITGB1","","","","","KEGG: mmu04512","ECM-Receptor","Tnxb  - (Itga8+Itgb1)"
"NPNT1_ITGA8_ITGB1","NPNT1_ITGA8_ITGB1","NPNT","Npnt complex 1","ITGA8_ITGB1","","","","","KEGG: mmu04512","ECM-Receptor","Npnt1  - (Itga8+Itgb1)"
"NPNT2_ITGA8_ITGB1","NPNT2_ITGA8_ITGB1","NPNT","Npnt complex 2","ITGA8_ITGB1","","","","","KEGG: mmu04512","ECM-Receptor","Npnt2  - (Itga8+Itgb1)"
"COL1A2_ITGA11_ITGB1","COL1A2_ITGA11_ITGB1","COLLAGEN","Col1a2","ITGA11_ITGB1","","","","","KEGG: mmu04512","ECM-Receptor","Col1a2  - (Itga11+Itgb1)"
"COL4A2_ITGA11_ITGB1","COL4A2_ITGA11_ITGB1","COLLAGEN","Col4a2","ITGA11_ITGB1","","","","","KEGG: mmu04512","ECM-Receptor","Col4a2  - (Itga11+Itgb1)"
"COL4A5_ITGA11_ITGB1","COL4A5_ITGA11_ITGB1","COLLAGEN","Col4a5","ITGA11_ITGB1","","","","","KEGG: mmu04512","ECM-Receptor","Col4a5  - (Itga11+Itgb1)"
"COL6A1_ITGA11_ITGB1","COL6A1_ITGA11_ITGB1","COLLAGEN","Col6a1","ITGA11_ITGB1","","","","","KEGG: mmu04512","ECM-Receptor","Col6a1  - (Itga11+Itgb1)"
"COL6A2_ITGA11_ITGB1","COL6A2_ITGA11_ITGB1","COLLAGEN","Col6a2","ITGA11_ITGB1","","","","","KEGG: mmu04512","ECM-Receptor","Col6a2  - (Itga11+Itgb1)"
"COL6A3_ITGA11_ITGB1","COL6A3_ITGA11_ITGB1","COLLAGEN","Col6a3","ITGA11_ITGB1","","","","","KEGG: mmu04512","ECM-Receptor","Col6a3  - (Itga11+Itgb1)"
"COL6A4_ITGA11_ITGB1","COL6A4_ITGA11_ITGB1","COLLAGEN","Col6a4","ITGA11_ITGB1","","","","","KEGG: mmu04512","ECM-Receptor","Col6a4  - (Itga11+Itgb1)"
"COL6A6_ITGA11_ITGB1","COL6A6_ITGA11_ITGB1","COLLAGEN","Col6a6","ITGA11_ITGB1","","","","","KEGG: mmu04512","ECM-Receptor","Col6a6  - (Itga11+Itgb1)"
"COL9A3_ITGA11_ITGB1","COL9A3_ITGA11_ITGB1","COLLAGEN","Col9a3","ITGA11_ITGB1","","","","","KEGG: mmu04512","ECM-Receptor","Col9a3  - (Itga11+Itgb1)"
"VTN_ITGAV_ITGB5","VTN_ITGAV_ITGB5","VTN","Vtn","ITGAV_ITGB5","","","","","KEGG: mmu04512","ECM-Receptor","Vtn  - (Itgav+Itgb5)"
"TNXB_ITGAV_ITGB6","TNXB_ITGAV_ITGB6","TENASCIN","Tnxb","ITGAV_ITGB6","","","","","KEGG: mmu04512","ECM-Receptor","Tnxb  - (Itgav+Itgb6)"
"DSPP_ITGAV_ITGB6","DSPP_ITGAV_ITGB6","DSPP","Dspp","ITGAV_ITGB6","","","","","KEGG: mmu04512","ECM-Receptor","Dspp  - (Itgav+Itgb6)"
"VTN_ITGAV_ITGB8","VTN_ITGAV_ITGB8","VTN","Vtn","ITGAV_ITGB8","","","","","KEGG: mmu04512","ECM-Receptor","Vtn  - (Itgav+Itgb8)"
"LAMA2_ITGAV_ITGB8","LAMA2_ITGAV_ITGB8","LAMININ","Lama2","ITGAV_ITGB8","","","","","KEGG: mmu04512","ECM-Receptor","Lama2  - (Itgav+Itgb8)"
"LAMA3_ITGAV_ITGB8","LAMA3_ITGAV_ITGB8","LAMININ","Lama3","ITGAV_ITGB8","","","","","KEGG: mmu04512","ECM-Receptor","Lama3  - (Itgav+Itgb8)"
"LAMA4_ITGAV_ITGB8","LAMA4_ITGAV_ITGB8","LAMININ","Lama4","ITGAV_ITGB8","","","","","KEGG: mmu04512","ECM-Receptor","Lama4  - (Itgav+Itgb8)"
"LAMB1_ITGAV_ITGB8","LAMB1_ITGAV_ITGB8","LAMININ","Lamb1","ITGAV_ITGB8","","","","","KEGG: mmu04512","ECM-Receptor","Lamb1  - (Itgav+Itgb8)"
"LAMB2_ITGAV_ITGB8","LAMB2_ITGAV_ITGB8","LAMININ","Lamb2","ITGAV_ITGB8","","","","","KEGG: mmu04512","ECM-Receptor","Lamb2  - (Itgav+Itgb8)"
"LAMB3_ITGAV_ITGB8","LAMB3_ITGAV_ITGB8","LAMININ","Lamb3","ITGAV_ITGB8","","","","","KEGG: mmu04512","ECM-Receptor","Lamb3  - (Itgav+Itgb8)"
"LAMC1_ITGAV_ITGB8","LAMC1_ITGAV_ITGB8","LAMININ","Lamc1","ITGAV_ITGB8","","","","","KEGG: mmu04512","ECM-Receptor","Lamc1  - (Itgav+Itgb8)"
"LAMC3_ITGAV_ITGB8","LAMC3_ITGAV_ITGB8","LAMININ","Lamc3","ITGAV_ITGB8","","","","","KEGG: mmu04512","ECM-Receptor","Lamc3  - (Itgav+Itgb8)"
"COL1A2_ITGAV_ITGB8","COL1A2_ITGAV_ITGB8","COLLAGEN","Col1a2","ITGAV_ITGB8","","","","","KEGG: mmu04512","ECM-Receptor","Col1a2  - (Itgav+Itgb8)"
"COL4A2_ITGAV_ITGB8","COL4A2_ITGAV_ITGB8","COLLAGEN","Col4a2","ITGAV_ITGB8","","","","","KEGG: mmu04512","ECM-Receptor","Col4a2  - (Itgav+Itgb8)"
"COL4A5_ITGAV_ITGB8","COL4A5_ITGAV_ITGB8","COLLAGEN","Col4a5","ITGAV_ITGB8","","","","","KEGG: mmu04512","ECM-Receptor","Col4a5  - (Itgav+Itgb8)"
"COL6A1_ITGAV_ITGB8","COL6A1_ITGAV_ITGB8","COLLAGEN","Col6a1","ITGAV_ITGB8","","","","","KEGG: mmu04512","ECM-Receptor","Col6a1  - (Itgav+Itgb8)"
"COL6A2_ITGAV_ITGB8","COL6A2_ITGAV_ITGB8","COLLAGEN","Col6a2","ITGAV_ITGB8","","","","","KEGG: mmu04512","ECM-Receptor","Col6a2  - (Itgav+Itgb8)"
"COL6A3_ITGAV_ITGB8","COL6A3_ITGAV_ITGB8","COLLAGEN","Col6a3","ITGAV_ITGB8","","","","","KEGG: mmu04512","ECM-Receptor","Col6a3  - (Itgav+Itgb8)"
"COL6A4_ITGAV_ITGB8","COL6A4_ITGAV_ITGB8","COLLAGEN","Col6a4","ITGAV_ITGB8","","","","","KEGG: mmu04512","ECM-Receptor","Col6a4  - (Itgav+Itgb8)"
"COL6A6_ITGAV_ITGB8","COL6A6_ITGAV_ITGB8","COLLAGEN","Col6a6","ITGAV_ITGB8","","","","","KEGG: mmu04512","ECM-Receptor","Col6a6  - (Itgav+Itgb8)"
"COL9A3_ITGAV_ITGB8","COL9A3_ITGAV_ITGB8","COLLAGEN","Col9a3","ITGAV_ITGB8","","","","","KEGG: mmu04512","ECM-Receptor","Col9a3  - (Itgav+Itgb8)"
"LAMA2_ITGA6_ITGB4","LAMA2_ITGA6_ITGB4","LAMININ","Lama2","ITGA6_ITGB4","","","","","KEGG: mmu04512","ECM-Receptor","Lama2  - (Itga6+Itgb4)"
"LAMA3_ITGA6_ITGB4","LAMA3_ITGA6_ITGB4","LAMININ","Lama3","ITGA6_ITGB4","","","","","KEGG: mmu04512","ECM-Receptor","Lama3  - (Itga6+Itgb4)"
"LAMA4_ITGA6_ITGB4","LAMA4_ITGA6_ITGB4","LAMININ","Lama4","ITGA6_ITGB4","","","","","KEGG: mmu04512","ECM-Receptor","Lama4  - (Itga6+Itgb4)"
"LAMB1_ITGA6_ITGB4","LAMB1_ITGA6_ITGB4","LAMININ","Lamb1","ITGA6_ITGB4","","","","","KEGG: mmu04512","ECM-Receptor","Lamb1  - (Itga6+Itgb4)"
"LAMB2_ITGA6_ITGB4","LAMB2_ITGA6_ITGB4","LAMININ","Lamb2","ITGA6_ITGB4","","","","","KEGG: mmu04512","ECM-Receptor","Lamb2  - (Itga6+Itgb4)"
"LAMB3_ITGA6_ITGB4","LAMB3_ITGA6_ITGB4","LAMININ","Lamb3","ITGA6_ITGB4","","","","","KEGG: mmu04512","ECM-Receptor","Lamb3  - (Itga6+Itgb4)"
"LAMC1_ITGA6_ITGB4","LAMC1_ITGA6_ITGB4","LAMININ","Lamc1","ITGA6_ITGB4","","","","","KEGG: mmu04512","ECM-Receptor","Lamc1  - (Itga6+Itgb4)"
"LAMC3_ITGA6_ITGB4","LAMC3_ITGA6_ITGB4","LAMININ","Lamc3","ITGA6_ITGB4","","","","","KEGG: mmu04512","ECM-Receptor","Lamc3  - (Itga6+Itgb4)"
"LAMA2_SV2A","LAMA2_SV2A","LAMININ","Lama2","Sv2a","","","","","KEGG: mmu04512","ECM-Receptor","Lama2  - Sv2a"
"LAMA3_SV2A","LAMA3_SV2A","LAMININ","Lama3","Sv2a","","","","","KEGG: mmu04512","ECM-Receptor","Lama3  - Sv2a"
"LAMA4_SV2A","LAMA4_SV2A","LAMININ","Lama4","Sv2a","","","","","KEGG: mmu04512","ECM-Receptor","Lama4  - Sv2a"
"LAMB1_SV2A","LAMB1_SV2A","LAMININ","Lamb1","Sv2a","","","","","KEGG: mmu04512","ECM-Receptor","Lamb1  - Sv2a"
"LAMB2_SV2A","LAMB2_SV2A","LAMININ","Lamb2","Sv2a","","","","","KEGG: mmu04512","ECM-Receptor","Lamb2  - Sv2a"
"LAMB3_SV2A","LAMB3_SV2A","LAMININ","Lamb3","Sv2a","","","","","KEGG: mmu04512","ECM-Receptor","Lamb3  - Sv2a"
"LAMC1_SV2A","LAMC1_SV2A","LAMININ","Lamc1","Sv2a","","","","","KEGG: mmu04512","ECM-Receptor","Lamc1  - Sv2a"
"LAMC3_SV2A","LAMC3_SV2A","LAMININ","Lamc3","Sv2a","","","","","KEGG: mmu04512","ECM-Receptor","Lamc3  - Sv2a"
"LAMA2_SV2C","LAMA2_SV2C","LAMININ","Lama2","Sv2c","","","","","KEGG: mmu04512","ECM-Receptor","Lama2  - Sv2c"
"LAMA3_SV2C","LAMA3_SV2C","LAMININ","Lama3","Sv2c","","","","","KEGG: mmu04512","ECM-Receptor","Lama3  - Sv2c"
"LAMA4_SV2C","LAMA4_SV2C","LAMININ","Lama4","Sv2c","","","","","KEGG: mmu04512","ECM-Receptor","Lama4  - Sv2c"
"LAMB1_SV2C","LAMB1_SV2C","LAMININ","Lamb1","Sv2c","","","","","KEGG: mmu04512","ECM-Receptor","Lamb1  - Sv2c"
"LAMB2_SV2C","LAMB2_SV2C","LAMININ","Lamb2","Sv2c","","","","","KEGG: mmu04512","ECM-Receptor","Lamb2  - Sv2c"
"LAMB3_SV2C","LAMB3_SV2C","LAMININ","Lamb3","Sv2c","","","","","KEGG: mmu04512","ECM-Receptor","Lamb3  - Sv2c"
"LAMC1_SV2C","LAMC1_SV2C","LAMININ","Lamc1","Sv2c","","","","","KEGG: mmu04512","ECM-Receptor","Lamc1  - Sv2c"
"LAMC3_SV2C","LAMC3_SV2C","LAMININ","Lamc3","Sv2c","","","","","KEGG: mmu04512","ECM-Receptor","Lamc3  - Sv2c"
"AGRN_DAG1","AGRN_DAG1","AGRN","Agrn","Dag1","","","","","KEGG: mmu04512","ECM-Receptor","Agrn  - Dag1"
"HSPG2_DAG1","HSPG2_DAG1","HSPG","Hspg2","Dag1","","","","","KEGG: mmu04512","ECM-Receptor","Hspg2  - Dag1"
"LAMA2_DAG1","LAMA2_DAG1","LAMININ","Lama2","Dag1","","","","","KEGG: mmu04512","ECM-Receptor","Lama2  - Dag1"
"LAMA3_DAG1","LAMA3_DAG1","LAMININ","Lama3","Dag1","","","","","KEGG: mmu04512","ECM-Receptor","Lama3  - Dag1"
"LAMA4_DAG1","LAMA4_DAG1","LAMININ","Lama4","Dag1","","","","","KEGG: mmu04512","ECM-Receptor","Lama4  - Dag1"
"LAMB1_DAG1","LAMB1_DAG1","LAMININ","Lamb1","Dag1","","","","","KEGG: mmu04512","ECM-Receptor","Lamb1  - Dag1"
"LAMB2_DAG1","LAMB2_DAG1","LAMININ","Lamb2","Dag1","","","","","KEGG: mmu04512","ECM-Receptor","Lamb2  - Dag1"
"LAMB3_DAG1","LAMB3_DAG1","LAMININ","Lamb3","Dag1","","","","","KEGG: mmu04512","ECM-Receptor","Lamb3  - Dag1"
"LAMC1_DAG1","LAMC1_DAG1","LAMININ","Lamc1","Dag1","","","","","KEGG: mmu04512","ECM-Receptor","Lamc1  - Dag1"
"LAMC3_DAG1","LAMC3_DAG1","LAMININ","Lamc3","Dag1","","","","","KEGG: mmu04512","ECM-Receptor","Lamc3  - Dag1"
"CADM3_CADM3","CADM3_CADM3","CADM","Cadm3","Cadm3","","","","","KEGG: mmu04514","Cell-Cell Contact","Cadm3  - Cadm3"
"CD1D2_PIRA2","CD1D2_PIRA2","CD1D2","Cd1d2","Pira2","","","","","PMID: 19124746","Cell-Cell Contact","Cd1d2  - Pira2"
"CD200_CD200R2","CD200_CD200R2","CD200","Cd200","Cd200r2","","","","","KEGG: mmu04514","Cell-Cell Contact","Cd200  - Cd200r2"
"CDH15_CDH15","CDH15_CDH15","CDH","Cdh15","Cdh15","","","","","KEGG: mmu04514","Cell-Cell Contact","Cdh15  - Cdh15"
"CDH4_CDH4","CDH4_CDH4","CDH","Cdh4","Cdh4","","","","","KEGG: mmu04514","Cell-Cell Contact","Cdh4  - Cdh4"
"CDH2_CDH2","CDH2_CDH2","CDH","Cdh2","Cdh2","","","","","KEGG: mmu04514","Cell-Cell Contact","Cdh2  - Cdh2"
"CDH5_CDH5","CDH5_CDH5","CDH5","Cdh5","Cdh5","","","","","KEGG: mmu04514","Cell-Cell Contact","Cdh5  - Cdh5"
"CLDN11_CLDN11","CLDN11_CLDN11","CLDN","Cldn11","Cldn11","","","","","KEGG: mmu04514","Cell-Cell Contact","Cldn11  - Cldn11"
"CLEC2G_KLRB1","CLEC2G_KLRB1","CLEC","Clec2g","Klrb1","","","","","PMID: 24223577","Cell-Cell Contact","Clec2g  - Klrb1"
"CLEC2H_KLRB1","CLEC2H_KLRB1","CLEC","Clec2h","Klrb1","","","","","PMID: 24223577","Cell-Cell Contact","Clec2h  - Klrb1"
"NFASC_CNTN1_CNTNAP1","NFASC_CNTN1_CNTNAP1","CNTN","Nfasc","CNTN1_CNTNAP1","","","","","KEGG: mmu04514","Cell-Cell Contact","Nfasc  - (Cntn1+Cntnap1)"
"EPGN_EGFR","EPGN_EGFR","EPGN","Epgn","Egfr","","","","","PMID: 27298358","Cell-Cell Contact","Epgn  - Egfr"
"EFNA1_EPHA2","EFNA1_EPHA2","EPHA","Efna1","Epha2","","","","","PMID: 15114347","Cell-Cell Contact","Efna1  - Epha2"
"EFNA1_EPHA3","EFNA1_EPHA3","EPHA","Efna1","Epha3","","","","","PMID: 15114347","Cell-Cell Contact","Efna1  - Epha3"
"EFNA1_EPHA4","EFNA1_EPHA4","EPHA","Efna1","Epha4","","","","","PMID: 15114347","Cell-Cell Contact","Efna1  - Epha4"
"EFNA2_EPHA2","EFNA2_EPHA2","EPHA","Efna2","Epha2","","","","","PMID: 15114347","Cell-Cell Contact","Efna2  - Epha2"
"EFNA2_EPHA3","EFNA2_EPHA3","EPHA","Efna2","Epha3","","","","","PMID: 15114347","Cell-Cell Contact","Efna2  - Epha3"
"EFNA2_EPHA4","EFNA2_EPHA4","EPHA","Efna2","Epha4","","","","","PMID: 15114347","Cell-Cell Contact","Efna2  - Epha4"
"EFNA4_EPHA2","EFNA4_EPHA2","EPHA","Efna4","Epha2","","","","","PMID: 15114347","Cell-Cell Contact","Efna4  - Epha2"
"EFNA4_EPHA3","EFNA4_EPHA3","EPHA","Efna4","Epha3","","","","","PMID: 15114347","Cell-Cell Contact","Efna4  - Epha3"
"EFNA4_EPHA4","EFNA4_EPHA4","EPHA","Efna4","Epha4","","","","","PMID: 15114347","Cell-Cell Contact","Efna4  - Epha4"
"EFNB1_EPHA4","EFNB1_EPHA4","EPHB","Efnb1","Epha4","","","","","PMID: 15114347","Cell-Cell Contact","Efnb1  - Epha4"
"EFNB1_EPHB1","EFNB1_EPHB1","EPHB","Efnb1","Ephb1","","","","","PMID: 15114347","Cell-Cell Contact","Efnb1  - Ephb1"
"EFNB1_EPHB2","EFNB1_EPHB2","EPHB","Efnb1","Ephb2","","","","","PMID: 15114347","Cell-Cell Contact","Efnb1  - Ephb2"
"EFNB1_EPHB3","EFNB1_EPHB3","EPHB","Efnb1","Ephb3","","","","","PMID: 15114347","Cell-Cell Contact","Efnb1  - Ephb3"
"EFNB1_EPHB4","EFNB1_EPHB4","EPHB","Efnb1","Ephb4","","","","","PMID: 15114347","Cell-Cell Contact","Efnb1  - Ephb4"
"EFNB2_EPHA4","EFNB2_EPHA4","EPHB","Efnb2","Epha4","","","","","PMID: 15114347","Cell-Cell Contact","Efnb2  - Epha4"
"EFNB2_EPHB1","EFNB2_EPHB1","EPHB","Efnb2","Ephb1","","","","","PMID: 15114347","Cell-Cell Contact","Efnb2  - Ephb1"
"EFNB2_EPHB2","EFNB2_EPHB2","EPHB","Efnb2","Ephb2","","","","","PMID: 15114347","Cell-Cell Contact","Efnb2  - Ephb2"
"EFNB2_EPHB3","EFNB2_EPHB3","EPHB","Efnb2","Ephb3","","","","","PMID: 15114347","Cell-Cell Contact","Efnb2  - Ephb3"
"EFNB2_EPHB4","EFNB2_EPHB4","EPHB","Efnb2","Ephb4","","","","","PMID: 15114347","Cell-Cell Contact","Efnb2  - Ephb4"
"ICAM5_CD209F","ICAM5_CD209F","ICAM","Icam5","Cd209f","","","","","PMID: 15795245","Cell-Cell Contact","Icam5  - Cd209f"
"JAM3_JAM3","JAM3_JAM3","JAM","Jam3","Jam3","","","","","KEGG: mmu04514","Cell-Cell Contact","Jam3  - Jam3"
"H2-Q1_KIR3DL1","H2-Q1_KIR3DL1","MHC-I","H2-Q1","Kir3dl1","","","","","PMID: 28484462","Cell-Cell Contact","H2-q1  - Kir3dl1"
"H2-Q2_KIR3DL1","H2-Q2_KIR3DL1","MHC-I","H2-Q2","Kir3dl1","","","","","PMID: 28484462","Cell-Cell Contact","H2-q2  - Kir3dl1"
"H2-Q4_KIR3DL1","H2-Q4_KIR3DL1","MHC-I","H2-Q4","Kir3dl1","","","","","PMID: 28484462","Cell-Cell Contact","H2-q4  - Kir3dl1"
"MPZ_MPZ","MPZ_MPZ","MPZ","Mpz","Mpz","","","","","KEGG: mmu04514","Cell-Cell Contact","Mpz  - Mpz"
"NECTIN1_CADM3","NECTIN1_CADM3","NECTIN","Nectin1","Cadm3","","","","","PMID: 23027581","Cell-Cell Contact","Nectin1  - Cadm3"
"NECTIN1_NECTIN4","NECTIN1_NECTIN4","NECTIN","Nectin1","Nectin4","","","","","PMID: 23027581","Cell-Cell Contact","Nectin1  - Nectin4"
"NEGR1_NEGR1","NEGR1_NEGR1","NEGR","Negr1","Negr1","","","","","KEGG: mmu04514","Cell-Cell Contact","Negr1  - Negr1"
"LRRC4C_NTNG1","LRRC4C_NTNG1","NGL","Lrrc4c","Ntng1","","","","","KEGG: mmu04514","Cell-Cell Contact","Lrrc4c  - Ntng1"
"NRXN1_NLGN2","NRXN1_NLGN2","NRXN","Nrxn1","Nlgn2","","","","","KEGG: mmu04514","Cell-Cell Contact","Nrxn1  - Nlgn2"
"NRXN1_NLGN3","NRXN1_NLGN3","NRXN","Nrxn1","Nlgn3","","","","","KEGG: mmu04514","Cell-Cell Contact","Nrxn1  - Nlgn3"
"OCLN_OCLN","OCLN_OCLN","OCLN","Ocln","Ocln","","","","","KEGG: mmu04514","Cell-Cell Contact","Ocln  - Ocln"
"SEMA5A_PLXNA1","SEMA5A_PLXNA1","SEMA5","Sema5a","Plxna1","","","","","PMID: 27533782","Cell-Cell Contact","Sema5a  - Plxna1"
"SEMA5B_PLXNA1","SEMA5B_PLXNA1","SEMA5","Sema5b","Plxna1","","","","","PMID: 27533782","Cell-Cell Contact","Sema5b  - Plxna1"
"SEMA5A_PLXNB3","SEMA5A_PLXNB3","SEMA5","Sema5a","Plxnb3","","","","","PMID: 27533782","Cell-Cell Contact","Sema5a  - Plxnb3"
"SEMA6D_PLXNA1_KDR","SEMA6D_PLXNA1_KDR","SEMA6","Sema6d","PLXNA1_KDR","","","","","PMID: 22325954","Cell-Cell Contact","Sema6d  - (Plxna1+Kdr)"
"SEMA6D_PLXNA1_TREM2","SEMA6D_PLXNA1_TREM2","SEMA6","Sema6d","PLXNA1_TREM2","","","","","PMID: 22325954","Cell-Cell Contact","Sema6d  - (Plxna1+Trem2)"
"SEMA6D_PLXNA1","SEMA6D_PLXNA1","SEMA6","Sema6d","Plxna1","","","","","PMID: 27533782","Cell-Cell Contact","Sema6d  - Plxna1"
"SEMA6A_PLXNA2","SEMA6A_PLXNA2","SEMA6","Sema6a","Plxna2","","","","","PMID: 27533782","Cell-Cell Contact","Sema6a  - Plxna2"
"SEMA6B_PLXNA2","SEMA6B_PLXNA2","SEMA6","Sema6b","Plxna2","","","","","PMID: 27533782","Cell-Cell Contact","Sema6b  - Plxna2"
"SEMA6A_PLXNA4","SEMA6A_PLXNA4","SEMA6","Sema6a","Plxna4","","","","","PMID: 27533782","Cell-Cell Contact","Sema6a  - Plxna4"
"SEMA6B_PLXNA4","SEMA6B_PLXNA4","SEMA6","Sema6b","Plxna4","","","","","PMID: 27533782","Cell-Cell Contact","Sema6b  - Plxna4"
